,1990,1991,1992,1993,1994,1995,1996,1997,1998,1999,2000,2001,2002,2003,2004,2005,2006,2007,2008,2009,2010,2011,2012,2013,2014,2015,Country Name
Afghanistan,-0.012506985326501786,-0.06842860101990082,-0.014775525491053272,-0.018538816316438413,0.010136012871034022,-0.04344853905018959,-0.010974866317322163,0.04677105721852291,0.07177582633346975,-0.038048944940568395,0.9628950675986201,-0.1244475587721771,-0.18708858679620544,-0.24657832267643634,-0.1618278529270234,-0.25439653052578937,-0.08267083585960243,-2.2547369787776925,-0.2469046801369404,-0.15058556429473727,-0.24443756932672925,-0.5095276345574787,1.7653541528365646,0.8195511822621648,0.5690624345268712,0.7727764114383259,Afghanistan
Albania,0.09636213502172392,0.6439422048827809,-0.19786765268301545,-0.23296097415633316,-0.10605822655322716,-0.09441993321474926,0.11118101457340118,-0.25161975864576613,-0.1471985317767755,-0.49362635598526616,-0.32800053435892496,-0.3807578467086877,-0.15137501708382498,-0.13537092201225567,-0.28633648220949887,-0.2564105558138742,-0.09707621741063961,-0.049274433233937515,0.043546551059234814,-3.1978343837635657,0.10312973267646477,-0.25770753937074786,0.2185363629253531,0.1545928153055804,-0.017015827989089877,-0.013525629096760744,Albania
Algeria,0.19777976999115224,-1.901217942596971,-4.862110301587336,0.3555856609506071,2.5185422413192646,-0.7211967210477257,-6.952877079796375,4.377015524610156,12.012907992781201,-0.4128272247169678,5.059794202345006,-0.7581047019225036,0.004643464126074173,0.05694819560798674,0.12560229348745539,0.2659768867295863,0.24911426324027128,0.13267821394660842,-0.136004707747749,0.14018388932749853,0.05726369945955354,0.15044537482999965,0.24673575199764725,9.789078661896404,0.07370626275167917,0.40059961787471365,Algeria
Angola,-0.051105672080720484,-0.07859898518048297,0.031479227985701526,2.853338748405013,0.018679536542922346,-0.03609972662895816,-0.06813040561125185,0.04559017965638557,0.09985399279643192,-0.015102579722807449,0.10519062066216098,-0.021694111321232848,-0.03848122156808922,-0.018757404135766025,-0.011045503599527344,-0.018994418940018118,-0.04030363061200672,-0.031186229635245526,0.04659593470421737,-0.08180176275674755,-0.04533021525121481,-0.1284030017440136,-0.43932733483462766,-0.4567574402681989,0.05593986496414405,0.07872962339521239,Angola
Antigua and Barbuda,0.16868753647072773,0.5922349828286977,0.30168596965473155,0.22895904080041987,-0.4670348284037039,0.2439205151962675,0.28751430663151667,0.21358606667000432,0.1615715948331761,0.0,0.10250944636211703,-2.24032350670362,-0.22844693882864472,-0.16139046924496137,-0.10115982079287167,-0.08230681992239305,-0.07817385240479159,-0.3235345295966757,0.0708527689109566,0.09504163736262645,0.30323564045569507,-0.14887887194260666,0.22631706997139514,-0.13574399512936292,-0.10777074943074,-0.09116481291638164,Antigua and Barbuda
Argentina,-0.03620603156613065,-0.07314730478399896,-0.7527094031924223,-0.23801178248698238,1.76281965763404,-0.43661851765944093,-0.2714714215351503,-1.6548180003445465,0.2087346184994188,1.2618350306961186,0.14454844402707306,0.013254275151152857,-0.032542177132021836,-0.049748487062513676,-0.04525790299039919,-0.052112934572952706,-0.0348902345142564,-0.02824344517446417,0.06547552914255679,-0.019744562082034383,-0.021985408011396132,-0.054692370607694676,-0.11668288376109286,0.06549262484017247,-0.04795305141651819,0.045106644130643865,Argentina
Armenia,0.30103506340304675,0.0859404927560684,0.9670651293639605,-0.504685571325559,-0.49593768618642936,-0.22036983783935618,-1.453796616021468,-0.28332130876996947,1.9216443949942517,-0.5182883403542459,-0.06855317730536145,0.009561679497042754,0.03582676865298003,0.03665271805482906,0.02534958460284744,0.02471261906469459,0.010387933212416446,0.008464916295893207,0.006938505611926319,-0.07848397439358219,-0.08038472405603943,0.4582333995420602,-0.2264613366132318,-0.22024542876205014,0.07725657315339567,1.4382284377743462,Armenia
Australia,-6.514787021701278,-0.9262318967427087,0.4051548600723073,-0.07030839946726249,-0.1621186505391224,-0.14396910364673415,1.5719167655421546,0.07688778912679162,-0.04773476103369655,-0.010964567148476642,0.17359416516305867,0.09433462054321644,-0.01695784524462772,0.05745867647365664,0.20977365064679476,0.9792792393888001,0.1472451260878002,0.2452519295905952,0.11224505346566352,-0.08484669755573393,-0.006101712645958535,-0.38851028534803295,0.7737346824467694,0.2497355161985377,0.041423303024657264,0.0,Australia
Austria,0.9148135061590172,0.0,0.20914137515631265,-0.32364199651013337,-0.1911788681513351,-1.1045624351812744,0.39466848667845117,-0.5835647703816733,3.54914725144824,-0.15566981323787724,27.588202591551088,0.5899692009536324,-0.03268260127982445,0.2010263966614509,-0.15537599957424514,0.0,-0.13917759525471335,0.28021073563726734,0.2872386493787965,-1.44040089307924,-0.07354061555398553,-0.1254010746933093,0.0,1.0068065581801087,-0.09549888890665702,0.0,Austria
Azerbaijan,4.514319990776489,0.20548346511568166,0.0651176043722208,0.3503592603466629,0.8274381278308225,-4.88419508113341,0.02054023894385024,-0.29888204156669945,1.5832000038219365,-0.23949794042973613,-1.376344527538114,0.0,0.35829060141185914,0.44735071588060615,-0.05109693675779668,-0.02644166312873936,0.0,-0.07694940199112398,0.40588388662850544,0.3049466638415151,0.09015233463728065,0.47451402172945784,-0.19759999536438508,-2.9231677806222285,0.05023268184011779,-0.0,Azerbaijan
Bahamas,0.08600649089130509,0.19486717281475113,0.31721701708077576,-0.3769063594083921,-0.5615769245885116,-0.2354139597042972,-0.5219389801092496,-0.5947285176657079,-0.3892792924398864,-1.1726228352804375,-2.7285320005679266,-0.6301914267146158,1.1659328244407166,-4.815658035515724,-0.03238837823407672,0.22440199810044922,0.19550493509320438,-0.09940323435649942,0.02356666260555337,1.5389830759604106,0.6276830014059234,-0.2049811967385032,0.42726853184779534,-0.3760028677701285,-0.1173111460189057,-1.0620102799775546,Bahamas
Bahrain,-1.1867019586024412,-1.9202922021558468,-0.5050683610460406,-0.6227894096295923,-0.9262700894881745,-2.048890151924688,-3.0665008645254637,0.313293651451158,-0.48331679211169887,-0.14753769934451466,0.4065061782553978,-1.7651934049342397,-0.30516639383478944,-0.2568944809198961,-0.23271533456786375,-0.39914612198084465,-0.3231215109305137,-0.24469495349307452,0.12205300176571016,-0.21280084775416724,-0.13358334027654822,-0.19387503109125162,-0.20491596978028007,-0.9628117478753525,0.11500459256565923,4.424087776074092,Bahrain
Bangladesh,-0.9095219701350648,21.7196986310607,-3.6645822141211246,-0.8958709386804516,-0.3433536912206029,-1.1309833376073533,-2.439567496748575,-2.01056164334225,-1.0890727863800742,8.163749595096615,1.6034170736426399,-1.592126995991442,-0.42672261809183837,-0.5023562115768009,-2.232376297276929,-0.16338827814734064,-0.24516994591838237,-0.2143973523947637,-0.2602837800930594,-0.21611081006387578,-0.31738538418002754,-0.5953685255966635,-0.09338083175410482,-0.1349310455985561,-0.1329477042897916,-0.11274821389392392,Bangladesh
Barbados,0.3444047967783291,0.06225914875989195,-0.011380665752283818,0.012228972710625577,0.0122413856299879,0.02801329046195945,0.03297785892768856,0.01407945899789585,0.03960575184766504,0.043380694305520044,-0.22212525819726686,0.12681560362383382,0.05755665920095178,0.024669675716556604,0.021748590950036027,0.033848390072795526,0.027431015948268325,0.11795117669948682,-0.03998136534600725,0.21034504229042786,0.08949420320316834,-0.13221777277885893,0.13484328913077565,0.7564404228510473,0.5019876145231826,0.024529175045431773,Barbados
Belarus,-3.04794378530661,0.30181055920812205,1.5397087143308439,0.5801632398125876,0.999123275795376,-1.0100359405031876,2.6168981582063084,0.47603309088423285,-0.038670727951132015,-0.03895736077135566,-0.12182474350503261,-0.1890071869839797,-0.028079855130462492,0.0026466489907716,0.04924877909264128,0.28910948849765095,0.3066300711601625,0.1194138350015131,-0.07494182630098309,-0.07858392040337013,0.17622822856412,1.0943445996348695,0.19880275282528692,0.39413911589501704,-0.05807642142553428,-0.03363336161311443,Belarus
Belgium,1.1295848052370998,-0.05423128079302724,0.518495566579315,-0.361944283658591,0.0,-0.5871007427999334,-0.06533909823074577,0.0,-3.9349941036670413,-0.3531118987530462,-0.0,-0.14532920922377704,0.05323951722854662,0.19378012309090234,0.5883655170830026,0.44827661324478785,0.07685648248088152,0.18879407120970462,0.07422230927322374,-1.366009210731069,-0.33907650206394263,0.1946779819389309,-0.49831164669897543,-0.3031651923930611,0.16332071550798347,0.0,Belgium
Belize,-0.33895020706167267,-0.2574702670520801,-0.2833714269836709,-1.1915876507543188,-0.5425327721728084,-13.244093773891079,1.5619418619325784,-1.9705322309091382,-1.0908829710885841,-0.2857523503416304,-2.430853095150622,-0.8511016356456389,-0.900528171759616,-0.7832737323861252,-1.5265757591020535,-0.4435271219344177,-1.1890299298819096,-0.6971345913475263,0.42297878482245066,-0.8453483089840274,-0.40178259876059835,-0.6843130208351431,-0.8673085099429239,-0.40864956792994633,-0.8827252061749903,-1.5022377319993636,Belize
Benin,0.49304934823757335,-0.12065159492016263,0.5302920480584914,0.038179919483222,-0.03210440311231415,-0.2362936543941909,0.19439360293510774,-0.25724239977177793,0.83184931215801,0.17263380653150365,-1.0076695085489737,-0.1110463048795192,-0.04720731164645348,-0.08867997075105549,-0.3287300919812128,-0.24904942976387398,-0.07555182715929482,-0.05938230048819173,0.29764876655794686,0.22123657300456281,-0.11802269120676483,-1.0997331956007854,-0.13120972584395105,-0.5749306918004193,0.0954880910138663,1.0930399091083849,Benin
Bhutan,0.23956523414781625,-5.7285729891597805,0.7344662873157302,-0.23409019849320886,-0.3831295863283568,-0.9801402176814022,-0.3105439118060125,4.219991213736271,-0.5648008188284419,-0.7553548608296855,-0.8392474021824483,-0.481105215363525,-0.35043214582459836,-0.39578735844544927,-0.2686470692849678,-0.443590002445859,-0.10832782520570991,-0.8216587717198631,6.9565436477828575,-0.13840445993050365,-0.23917990249473725,3.0187495438850958,1.0178687950689553,-0.2966089030127544,-0.5085126997265383,-0.2593457289114355,Bhutan
Bolivia,-0.2104256819650909,-0.46116882580602403,3.2385069992835818,-0.7888914781912469,-0.1791884780868076,-0.2380037310663527,-0.39279921838433685,-0.4070987891735697,0.499197400496041,3.8686635535189757,0.4798304717798394,0.5045374259422765,-6.562797021818215,-0.36180791025519365,-0.3452877928976182,-0.13250877289290533,-0.18746728520058134,-0.09236100287128302,-0.9981554059066138,-0.19179606332467283,-0.10318370617880647,-0.17613829744927068,-0.1566322660571621,-0.2830556245529576,1.0185484740445814,-1.0985258931515387,Bolivia
Bosnia and Herzegovina,0.06967846009722833,0.051227042307897014,0.028324320087551938,0.02079735230177971,0.015832116130971643,-0.022707590564975545,-0.04320421748707333,-0.2186081444906574,-0.33454946273014885,-0.22794311358439392,-1.0065122596745735,-0.2551842826626253,-0.12201634970967108,-0.11229790255822894,-0.12853520178212477,-0.005307425702827613,0.01366993434381969,0.02171265901718094,-0.05216636097276496,-0.18256706371581544,0.023298274467636677,-0.06198421918900804,0.08242762554083306,0.19586344419321305,-0.08634321637817316,0.19725351053099602,Bosnia and Herzegovina
Botswana,-3.4379683764201174,-1.1508000932456477,1.2071307712042285,-1.5162046687198163,-0.33055486623009867,-52.7962258491639,-2.609527029834141,0.455982861202117,-0.25809719209149495,-0.8954153867977284,0.43000317182163583,1.0498270427323728,-0.07095851371337591,-0.13113383109890503,-0.20905248513288918,18.38261457040199,-0.16556612885504488,0.28519906604276896,0.04301874281817793,-0.010793229987172802,-0.015094865617647007,0.06294613468354432,-0.3354391437913556,-0.13723728665113347,0.10720624198133231,-0.24287586905337694,Botswana
Brazil,0.32847485453182285,0.4307304813768057,-0.21714332073749895,-0.05153124364750705,-0.06180728989767362,-0.2637540047924456,-0.9753182947935,0.48924932288741924,0.07996396268425002,-0.33278152910735076,0.19437549501311208,0.3129364354806952,-0.39742155548017954,-0.16409905218178097,-0.08998876330546987,-0.10844791507909605,-0.0878122680995789,-0.08679074961741065,0.5519440519816249,-0.03331514610008455,-0.04786878012696075,0.10991706168779032,1.196157184606514,0.44589845726366056,0.027229848254079245,0.6635494115465004,Brazil
Brunei,-1.1430313592609707,-0.2867426969119547,0.683863177060401,1.12439809671488,-0.2995351673329196,-0.773784234818232,5.61828023286769,0.19647473504734847,-0.42721097979774525,-0.170259435218886,0.5217425683670278,-1.8287130819743538,-0.36879820614509407,-0.17343668905614992,-0.126606253028255,-0.08119740255418444,-0.11129043012254605,0.0034261856284237757,-0.02521751001032091,0.06738206310017437,0.030934873507433666,0.6267662587535707,-0.08489432972183894,-0.03150168689263662,0.008370454382885643,0.04127237593783989,Brunei
Bulgaria,0.1487091606128537,-0.4747795459050899,-0.21205243612915983,0.6617916255348162,-0.128292717386041,-0.0,1.6119216068642217,0.05390576248809852,-1.2750064941694585,-1.2019226419644051,-0.4969470321492621,0.09959047880760427,0.08148642758149234,0.22528542140142122,0.19992541089206747,0.3203492425618983,0.11543474642694225,0.2002918959970946,-1.6721477057259357,2.157218788379291,-0.2614347712674964,0.125609807756014,-0.3759722639640715,1.1451031130112999,-0.0,0.0,Bulgaria
Burkina Faso,0.25179827121572956,-0.09826974381931468,0.06567358632486582,0.011946179790112654,-0.02493737852864614,-0.10952802796960702,0.08673931226722405,-0.0647829943798477,-0.23997277023135827,0.05791707880076218,-0.20049731628331527,-0.09742687129360213,-0.03660887460601157,-0.09055695580720705,-0.1150231819978626,-0.34919215596110104,-0.09466872557642589,-0.06565866314384462,0.46057510414584074,-0.34763872966963816,-0.09317924407895092,-1.4535778864149291,-0.39218143630385366,-2.651609870787962,0.08772280272903178,-0.2861230091248087,Burkina Faso
Burundi,0.6666715640908301,0.06178812006621976,0.05028700737325718,-0.08544668634013827,0.0876302579818175,0.05028705836932694,-0.06895910858334815,0.08588375467934176,0.07572132958505974,0.06155039937338494,0.09847017057251664,0.11407898881707225,0.11424576184427196,-0.08976388230447548,-0.01727155418328953,-0.10689584004895991,-0.4052343245194948,-0.08882518379282188,-0.22120030505141464,-0.14153306730977752,-0.24406663290589653,-1.8536211640048166,-0.7589677652043,-0.2241068964336844,-2.3366659617587167,-1.4620348861242454,Burundi
Cambodia,-0.11496655443904477,-1.2264240935164021,1.901800570387969,-0.5852492091441113,-0.18949202712782662,-1.374393299912498,0.8740013176425826,0.3609324551407962,-0.4430636060437571,-2.0176112436655567,-0.5947439869664364,-0.6641901099071865,-0.4729223466962576,-0.22629478260250013,-0.1543367791975979,-0.16117565383395582,-0.12861140155479364,-0.12197700740484912,2.3216878005034256,-0.380031817161187,-0.19763015802530692,-0.30259242083605836,-0.30327320186033374,-0.23506058294879908,-0.23924810039503394,-0.14287022153029932,Cambodia
Cameroon,0.18860453471188565,1.386089860271118,-0.5455928392961966,0.03604470558664985,-0.07147799607076812,-0.35996114558610987,0.2132309700954808,-0.28210848754134904,1.974872647451388,0.11835785696028096,-0.9833058844264454,-0.08886746918021554,-0.036697996314205686,-0.05928466378996071,-0.31723355714010437,-0.15429749200533624,-0.06520557234344612,-0.05998127026190711,0.2396096906395005,0.4838704333641039,-0.13213549485476905,0.37149128184131913,-0.16464691852010904,-0.27290478546232794,0.10391205315965049,-0.5137593525522773,Cameroon
Canada,-4.811740449337336,-0.14291207310101878,0.15892069130657713,1.91609021103777,-0.5377663161975111,-0.9447547104553081,-0.9185046284005918,0.3144881204642786,-0.21750608692568013,-0.15124427559083442,-0.5881873640138126,0.5126827933205143,0.03967876352122916,0.0,0.05017172664791087,0.26855396992578595,0.45825151489984,0.29759353816920336,0.06066387594046603,-0.15146254324517697,-0.10821878814604863,0.2959230477961005,28.565915814730005,0.09718707141808997,-0.07888615437126097,-0.0,Canada
Cape Verde,-1.5633005917679317,-0.3386003561799271,1.5674559503881023,-0.32455363634566303,-0.2005742744922653,-7.017193658211194,0.8215508393145761,-0.8410648842205347,-0.33253279335307123,0.3376133645234792,-1.4457193907087993,-0.44253658808635793,-0.1255019867039229,-0.30052458227112205,-0.9270172996733594,-0.26632415318842423,-0.17194631641675162,-0.18756468886851557,0.5541759173150549,0.7453934665863677,-0.2569928781204184,0.34613241341666234,-0.5323145201481286,2.357162955193477,0.12272427502777299,-0.5745422740519796,Cape Verde
Central African Republic,0.10411758242730111,2.403946909059788,0.058137778708580126,0.017919762583755324,-0.02125251723766078,0.04307403073129436,0.04830342138082128,-0.5982228444490345,-0.40926327919002686,0.034266660047198944,1.0748367751031256,-0.09235170927068226,-0.03337492885126322,-0.04988038905307468,-0.12177399129942619,-0.0829286949511568,-0.048388810200653574,-0.044896708589709844,0.3981268132842114,0.8189689350955303,-0.07771139362946884,0.562495649332399,0.0362053083322462,-0.10262300038541666,0.1728344398167105,-0.14545359651279002,Central African Republic
Chad,-0.11663568155549701,0.450202703423764,-0.020095561785541033,-0.010700394486594026,0.006574771629818861,0.0016642863007219214,0.012237825908694072,-0.01882231594033414,0.017627990203682792,0.03209715575774663,-0.028164333837513163,-0.05427158533740363,-0.024215721593085205,-0.016053760978766263,-0.036133024433546504,-0.15019728499357068,-0.14605796483283925,-0.07309235599058968,0.12676867248970533,-0.12689248530185768,-0.11760450340602349,-0.37654114337627914,0.3677343925370414,-1.073982030565756,0.07779300823585647,0.1228831549485217,Chad
Chile,-0.13927341005701058,-0.09939352761529228,-0.4367773988802593,-0.15691929609401536,-0.07611435419232913,-0.5207976260196688,-0.2478322564245968,0.35105520956423264,0.1950754570446122,-0.9535255025410758,0.15923314507214004,0.4572489196652394,-0.15834094643577729,-0.03567336748438048,-0.042018421439727206,-0.03698117214056336,-0.08822595376526417,-0.433492870763955,0.22646584584406032,-0.04953634206085702,-0.0857079758885446,-0.24289388647813726,-0.3236537056312193,0.12661968047066327,0.09671102205891777,-0.48098185551163325,Chile
China,-2.063833457218976,-0.42334076817111316,-0.31155114662673716,0.7133732309655526,-0.19822153039551266,-0.2500454960411797,-0.2689187268720412,-0.2545231504546696,-0.10847543465894331,0.02018265455885846,0.07465661545092439,0.11657297357288961,0.08592157166909721,0.053227011524773424,0.04360706332731973,0.022698269175857256,0.01124845739632424,0.008843469031364883,0.03034199273476858,0.01352236098744098,0.010767745451867513,0.025385051836228266,0.027072364865086462,0.044113800691263416,0.08741314229044551,0.7258555264950497,China
Colombia,-5.454878970418766,-0.4608611532888647,-0.17045249004135368,-0.08123552429105249,-0.18043898196691568,-0.7600212423201873,-0.2967376590918025,0.23180567436320476,0.14288017158296729,0.3945349586031733,0.5240134810710878,0.9166733315040145,0.3330077783854301,-0.07606162687351466,-0.07420556119999643,-0.18955047808651804,-0.0694021830532175,-0.11123923427038425,0.3548622943714167,-0.07640010676937302,-0.10093411862248411,-0.1546575828242015,-0.6547576062591108,1.0402817636761261,0.05075222259493861,0.2268339495345327,Colombia
Comoros,0.8498189396200926,-0.40248889640142427,0.5016104832288968,0.05873508330384738,-0.08341014712614174,0.5147987996996599,0.15706386940758052,1.4742366290582736,-2.1986139677051155,0.13286751460843044,-0.26768622306479384,-0.14386748132313515,-0.050593133050549674,-0.09379056743229237,-1.3433376953113256,-0.31130102379022806,0.15837654854364772,-0.09607297054788251,0.33654626514131913,0.6806553198505614,-0.12896777686218033,0.4696899546408827,-0.2001889249487903,-3.3490584935761203,0.09927339981156089,-26.611557663789153,Comoros
Congo,3.4916028399852213,0.17736352180411086,0.07128163015136432,0.016201789583486403,-0.025724228992864452,-0.016300110543394718,0.01744033412330579,0.008014495684583322,-0.007285860585551095,-0.005358903385429427,0.012530384002855317,-0.03885716417737122,-0.01578886193576828,-0.008153241401745585,-0.008832833818488862,-0.012144092480078325,-0.06266050138878129,-0.01219149658567738,0.021168139004077543,-0.012655634622438038,-0.039448178470222396,-0.16356508794122543,0.5179166749117112,-0.2969060687992724,0.027889787489715195,0.10592454689784905,Congo
Costa Rica,0.5127386324075149,-0.13338027604266237,-0.25965444705008234,-0.3742493131338817,-0.3539203632151354,2.071362464695935,-0.5832712367000443,-0.5742804429633807,-1.774019847939327,-1.1179336604178793,-0.7680531466684889,-1.5943520504586641,-1.05582234591075,-0.3746697005493352,-0.30818833570722487,-0.12818323678393267,-0.08222131151255273,-0.10380072715586214,0.9842192265073347,-0.07274215958741237,-0.1253542404397291,-0.16442595782245406,-0.23023152814070988,-2.1964975095880397,-0.14650326710927283,-0.29052036098896833,Costa Rica
Cote d'Ivoire,0.20062586440779587,-1.8280105271318745,0.11779909987597664,0.042630731106868186,-0.04023838606156501,-0.19793237721627616,0.18522558970193928,-0.25745957108945505,0.3649579946182782,0.07177159192684496,-0.5325786200020421,-0.1532904327510953,-0.05400258163705018,-0.18530756726191744,-0.9933041048504119,-0.5057419796741601,-0.08207138903361089,-0.05716730851440216,0.4633260996554489,-7.234817133454864,-1.3895173140005241,-0.582783194505153,-0.08235702997381086,-0.11983822139800868,0.14611046880455578,-0.3284749426740675,Cote d'Ivoire
Croatia,0.3382105474669199,0.35585648476152837,0.39707352470858354,-0.09419926965607982,0.24808995719247307,0.845748820372009,0.7715558484975739,-1.8393107503491217,0.6537827620128197,-0.10649218579294936,0.6754488329721374,-0.1711296409438659,-0.023827342108269943,0.0707419807479046,0.528480408327602,-0.17676498523386816,0.0348378893173417,0.27774701199595686,-0.18139593239672303,0.45534051114540297,-0.9770109419464251,-0.2243581717257982,-1.0253864036522569,-0.0,0.30185910586098347,0.0,Croatia
Cuba,0.12725732077212318,0.18615359437663612,-1.8333148582908048,-0.03395700122855577,-0.0751481106129645,0.006725104151760124,-0.0662131243595674,-0.18046457616772457,-0.037712216076930365,-0.06693698868124569,-0.20628164792488757,-0.13127758845839815,-0.10459605678668053,-0.08134664846656106,-0.0275780384601665,0.0053781667883357805,0.051060199568566916,0.24396446257611093,0.5727282493109608,0.39216792948222107,0.18411014418046998,0.2629675705122309,0.1925769392872077,0.1494843495014713,0.051402366032687,0.024846615341375833,Cuba
Cyprus,-2.32320970876156,-0.1102721743443886,0.3643841048525422,-0.3076317148290432,-0.21481005795611485,5.682094307558587,0.7211302335740173,-0.7241013199464025,-3.1615570016630308,0.6249134252496159,-1.0378838114216384,-0.33482998033352634,-0.08995908607025285,-0.11268940521856206,-0.25007557112828743,-0.19687134877303125,-0.08243238965645652,-0.0943218292073585,0.13250409116676204,0.3794100836000019,-0.3040131929876631,0.11376834808977868,0.26202967964384605,0.41825599746860304,0.05285324579098966,-0.10155645971404023,Cyprus
Czech Republic,0.07877313144023823,-0.47839368335027505,-0.13773972139800691,-0.8072198012036746,-0.43183854349239453,-0.6429395807625333,0.11082340003377947,-0.1101412192335436,1.1334747427648433,-0.3679228738438775,0.0,0.08078556550743698,0.0392344143643181,0.21613483833091116,0.34457683225159425,0.28440550753584704,0.39043022090477064,0.1741556958401629,-0.0,0.0,-0.5545084099681302,-0.15282158454050046,0.7439681110927983,-5.997929654588883,-0.25664771841581413,0.0,Czech Republic
Democratic Republic of the Congo,-0.022882620227194835,-0.011277584173799421,0.0034769527705593166,-0.0012379535706043211,-0.00499626339707429,0.059914825145330836,-0.12008374201176433,-0.039843051814530676,0.00901587366367825,0.018424974212931097,0.06066925571263935,-0.09577319689918307,0.25748714936538813,-0.016614381412362877,-0.017829221386982508,-0.01674280057680642,-0.027262502195091524,-0.029242879828410697,0.05811425910009532,-0.055064392566768115,-0.04906073087293685,-0.09692558107766995,-0.1369902322090224,-0.19147491036176958,-0.6177921799392314,-0.4925663722988556,Democratic Republic of the Congo
Denmark,1.3684986942290551,0.5024810155592719,0.08479142403462499,0.3974786221161981,-0.03071599732067103,-2.80192099057048,-0.0,-1.1035897827175574,3.997085411457584,-0.2856858505128101,-24.325641693367494,-0.14184430470140086,0.10682595863025535,0.07615648567008108,0.2321184436598821,0.4259810219423229,-0.043638592698442495,0.2699983437568236,0.27672350009624025,-5.835575037704862,-1.0191602114000529,0.2127128183351474,-0.7679129676774306,0.5285021621824905,-0.08092034958515248,0.0,Denmark
Djibouti,1.9975602382107698,-1.025227287958361,5.754894448257149,-0.5775743796397552,2.311521316103051,0.814111797437997,1.03255033201354,2.277932306685967,-1.2970638405697663,-1.9871380259262346,-1.3597139624393895,-1.6436321700596341,-0.7449432437238114,-0.6175400071405185,-0.6176494494877385,-0.47801750565032064,-0.3698371419540473,-0.23393230399562726,-0.28539883644374664,-0.2352251008198548,-0.17711101686461997,-0.1663895352265609,-0.13679475597421026,-0.3605100719110896,-0.27225662108871806,-0.42460396571558207,Djibouti
Dominica,,,,,,,,,,,,,0.0,,,,,,,,,,,,,,Dominica
Dominican Republic,-1.1758336282935027,-0.14490686877864026,-0.17669915749675305,-0.3096258260098512,-0.20828783164675374,-0.29383704705662156,-0.13575055384737475,-0.3521914936698828,-0.43150107942487836,-0.14637723586060827,-0.2840314650258611,-3.1712319094179904,0.04561810201341764,-0.1323757715863872,-0.018753836802224578,-0.2082863831595631,-0.08186629772811939,-0.15416145023600597,2.9513583701804955,-0.11958150928321219,-0.15005579856391843,-0.306840101682669,-0.5445579655509586,-0.2738943210292667,-0.40810679204664474,-0.2978193363617675,Dominican Republic
Ecuador,-0.26232791481761775,-0.5653312794586054,-0.9576036475656737,-0.12689141654190286,-0.4029573179610398,-1.9629461601275264,-0.22480053706903227,0.7951958553329503,0.06809156613453518,0.24085921648586053,-0.06256122243143401,-0.12422490940016877,-0.13512706870056831,-0.12746806705059807,-0.10714799948449549,-0.09868816919157859,-0.1361368925709229,-0.04977353690774632,2.342378416998608,-0.10982044044781802,-0.08615714071096843,-0.11918872229312462,-0.1635511119596535,-0.2129734356451044,0.27808227190522034,1.0592191697842979,Ecuador
Egypt,-0.6908108055735894,-0.3256859696811757,-0.5638979434607718,-0.47837333946947114,-0.29532470133137645,-0.35342565125953457,-0.387391731711832,-0.5631360794214587,-0.6450296286742034,-0.859556834143576,0.2308088475842889,0.23541415753644568,0.08999188683531363,-0.26770076884019384,-0.05933210578350863,-0.032987083346925745,0.019449363984637556,0.0574031047181739,0.1620917551990161,0.19083801966525743,0.393802273908521,0.09561599766270047,-0.20512224389077147,0.003463366625487332,-0.228744521027972,0.08293810549388078,Egypt
El Salvador,-0.2504828673331198,-0.2075642248980301,-0.1471544652289575,-0.1547197001151168,-0.15678970250529847,-0.4223486058238836,-0.5401807656243972,-0.5584862276594548,-1.5541941397450747,-1.0564275457149042,-1.1138257068402289,-1.5295837937635204,-0.8998209264277567,-1.0362318398839567,-0.4370857591985831,-0.3023773195519816,-0.38047887605513664,-0.40829553378250005,0.7970635383411084,-0.4463657510446732,-0.19096438414893707,-0.3345825670557405,-0.6183876251683924,-0.5939827055044625,-0.36215350487323367,-0.4104136487314794,El Salvador
Equatorial Guinea,0.015506732392903646,-0.0011720369065313884,0.010873886767505416,0.0024851178206866807,-0.004543967792962637,-0.003532886813878663,-0.003761491428015918,0.023352259591737663,-0.010037630087063074,-0.012882613784957267,-0.02087725862870612,-0.05168805357638443,-0.03202190447229231,-0.022037091822973198,-0.0233454930037645,-0.08366922185791652,-0.04982087573083877,-0.02913866595529924,0.051133579242606995,-0.4122258793922396,-0.06339077700292897,-3.667792330764864,0.2855804377136474,0.3563428722335661,0.04378833230435689,0.10353701139253334,Equatorial Guinea
Eritrea,-0.07347171761933537,-0.09203272262775786,-0.09314270795131831,-0.06699774065655645,-0.9276676103900591,-0.11751886766539422,-0.4664646250792827,-0.7220057460532311,0.630649617144483,0.14847008832656833,-0.6321352014529463,0.22238029903273007,-0.10678953092964447,-0.06128207011452749,0.2676764247165723,-0.18139751536285376,-0.21604036410406974,-0.5578724293779626,-0.04660211198007533,-0.13302433284941015,-0.08075439426746096,-0.11148592727410145,-0.1323479312425092,-0.152398687092193,-0.1631829319024941,-0.15211777483381908,Eritrea
Estonia,3.1736580787472763,0.2790303433936168,9.299704445763771,-2.108117385393006,-0.32864067466585645,-0.09047039159498207,-0.4360304606628482,-0.29564903867924175,0.7522615853394439,-5.155565393411981,-0.28194945379713376,0.16337883053240804,0.021044884942407017,0.3068403676825957,0.20311831238635958,0.1851808274254595,0.2152892650077998,0.20131998987070768,0.06246113457458102,65.4535680589429,-0.33364822928059856,5.9367910161110125,-0.27567558416050564,0.2133288287806698,-0.18754818365175624,0.0,Estonia
Ethiopia,-0.07225478958386221,0.030467473493213767,0.022590840640223982,0.1041889901205429,-0.27082751268198807,-0.16597780780125768,-2.812350812700929,0.11216790452388346,0.20679618024765198,-0.30212581974055147,0.6259713627176513,0.417913051212645,-0.4049942473050899,-0.20553065479063384,-0.15840347895104331,-0.15163928414591907,-0.12742001722346216,-0.09219316099468818,-0.38980158620565286,0.2846225937611038,-0.2026232444206201,-0.07283479548612937,-0.35991400990986755,-0.19845649885245975,-0.2034277006116693,-0.24314882264284876,Ethiopia
Fiji,-0.27760215846613434,-0.06920546636753279,-0.12363805362927692,-0.07530697655236517,-0.11489766075448522,-0.20129070449805345,1.738731688134146,0.05480921010283806,-0.07540037302707318,0.09732630932043022,0.7709513598820384,-0.13684825913397833,-0.061515884664710585,-0.09084351944557512,-0.2172535925234324,-0.6334436143418521,-0.17094845032823072,-0.4453102660859184,0.06436861093203182,-0.13747678566844906,-0.053279838677206905,-0.19577649229692212,-0.17643455420168064,-0.06104631422612378,0.2439202479676652,-0.20345787828968742,Fiji
Finland,-0.05571018524811946,-0.27095047344416034,0.10224998382675399,0.14525415367497652,-0.07367279015290841,1.4734544370717804,0.13431255947073142,-0.5327151023062527,2.7137332555356526,-0.0,0.0,-0.07496380755083741,0.1045879401052631,0.1539069356316413,0.0,0.40171346918291945,-0.030887025842837992,0.1022611279023057,-0.0463848950206979,-0.3090418522370548,-0.2147158884836964,0.24903545317958078,-0.6094670469953116,-2.9745199533378686,0.2363236648250217,0.0,Finland
France,2.4244027588691806,-0.057582505615189475,0.09576771938095058,0.0,0.04019043952445166,-5.446151525291466,-0.11564304300268176,0.18703285631263694,-1.4299285630958165,-0.4782396938286627,1.3512191060866914,-0.1351863949430284,0.023931489947659437,0.11251544634737422,0.340071302818697,0.6322312225612765,-0.07183963007983449,0.16430374655123595,0.05971990995545408,-0.6523524582785748,-0.1281790955805614,-0.0,-0.2369850778795763,1.0234281017052886,0.1673242684672743,0.0,France
Gabon,0.4501080624094416,-2.064294175744348,0.28078336943324267,0.07020267909405671,-0.11688539655579912,-0.15595364861113115,0.22759803694964278,0.10856569832433952,-4.19880706638037,-0.2533316628680987,0.16006510722069636,-0.8722557807332887,-0.07657300511124394,-0.0736351492416359,-0.05450258058403944,-0.1796775887023381,-0.04188469184104937,-0.031019333127925763,0.02446383204131507,-0.04713174514388573,-0.03655359169917668,0.10863524567320984,0.8631674978567003,4.278782855359048,0.06519857834382514,0.31075173714920257,Gabon
Gambia,0.03493817127801087,5.445702913138479,-0.0896766389574217,0.059622977003918935,-0.1266812077870305,-0.060863085211600707,0.0387955249706081,-0.2164554663715805,0.05010532057803706,0.046403795978529526,0.022519489620619414,0.019122189631688363,0.02021824137642126,-0.02694645358617359,-0.11940019309633118,0.8490701540929914,-0.024149822986851168,-0.023397753915449286,0.04398288484170304,-0.14870895222691582,0.04776244175310565,0.2555718783847926,0.13403725433110836,0.06859674400533487,-0.11512722852432898,-0.344843545422492,Gambia
Georgia,0.12160294547149529,0.06180504779410716,0.11540636312699198,0.5152870085045196,-0.47344284013508087,-0.21802491041427938,-0.19391137160132807,-0.5475449609034709,0.14163145971270544,-0.18400593641050622,-0.17177512471621265,-0.029371738555430293,0.045325941379762695,0.05642065586560493,0.09397892733471047,0.13477724031627109,0.09837148597726816,0.11747361367233998,-0.18568684679110578,0.2783679344547355,0.07839685789726857,0.13863988015267073,0.17380864331451348,0.12158200001911035,-0.0,-0.23662451758848882,Georgia
Germany,-1.685179695553429,-0.22468262230161845,0.2281938762205169,-0.5273705621772171,0.04794908645460739,-1.1004140747663465,-0.3342056883875173,0.608669016509544,-0.0,-0.1284208720785745,132.44238279345905,-0.11749211757730565,0.0,0.11933822937168853,-1.0887122756598477,-0.1405437572205437,0.20582762047980893,0.07831126077293793,0.16602451705379656,40.877927392613074,0.0,-0.24251134135938224,0.1275566806372521,0.9523195052331513,-0.14754458381499483,0.0,Germany
Ghana,-0.19933237891556865,0.39127959409806895,0.10094763184045633,0.13021012112600774,-0.08718186086224225,-0.2845938997210162,0.4197378440604252,-0.22473332761385498,-2.1354311597870543,0.04027110610053644,-0.37053587308806507,-0.11464638040848643,-0.07094522014237875,-0.10275843604327384,-0.07151981673682482,-0.07385096712335781,-0.056921643039327695,-0.07777000318629819,0.07986116639357854,-0.04235742967856789,-0.045578344334338675,-0.2818845532075125,-0.09650001680224378,0.07006535622180231,0.12794094183985935,-0.15321318970205638,Ghana
Greece,-0.2220827517079642,-0.07749761363347203,0.3983772225855326,0.12532608682691537,-0.2307464457658299,-0.27402252474677763,-0.314468858605214,-7.699154747064257,-0.29539696983457675,-0.13414598046422815,0.0,0.19238666323750464,0.025344964696096386,0.08179883996971998,0.7373676707104022,0.4187610617126715,0.04150399815981283,0.5271601729705304,-0.0,0.15357306142182842,1.6169602488475183,0.30058154821422023,1.870245101780532,-0.9446832496038491,-0.13788909581670752,-0.0,Greece
Greenland,1.6397757148048717,3.8895422811907157,0.10449882224040873,-0.23140268580452183,-0.029390940444914738,0.762309246985251,-0.7498028613666042,-1.2167024564559066,0.9691384703492122,0.6106984339630009,5.4554484335784785,0.30669222977519484,-0.3500153130842979,0.10917116549705717,-1.176274676006978,-0.5791190361635972,0.16092026650217298,-0.2010866798560634,3.4686994866229237,7.707775321878278,-0.4798380469974063,1.750428690763768,0.9619521731912152,-0.3256547354516692,0.1098998579307174,-0.06025487878424415,Greenland
Grenada,-0.7836238743926837,-3.4798160277131243,3.534101827574719,-1.1515998679705393,-0.9942742384652187,-0.6346117800554416,-0.5587831063811233,-0.4008695211021417,-0.48231414639619025,-0.0866765815737736,8.308466743394604,-0.6602900806010996,-0.20843661755459816,-1.4393122101262041,-0.07775361630590616,-4.493339751711522,-0.10356990259532513,-0.09607047904636135,0.1267170780641794,2.1522196575108996,-2.2389553940593094,-0.49295583225663475,-0.2263264953583485,-0.14199987518377905,-0.1180190209405022,-0.17711987404039906,Grenada
Guatemala,-0.05213812147936556,-0.13238678999105177,-0.19194184333581119,-0.13175545802713143,-0.16288109390235445,-0.350023847237059,-0.19255830883404562,-0.3014636249805106,0.26678196034188123,-0.7359737980454656,-0.3749736579060873,-0.30901740142753387,-0.9584337897698934,-0.4670054615536776,-0.30882861789854155,-0.4040000360792887,-0.3329636556054321,-0.267589880640095,0.5369615755015058,-0.38415391547331756,-0.19175763507833282,-0.632263234386211,-0.45483207488057165,-0.2892251477424174,-0.3038537485671093,-0.33427965821350986,Guatemala
Guinea,-0.15740450051275795,-0.11022378116512208,0.20513483250142944,-0.367493342141732,-0.077789713498582,-0.46467811438326073,0.19718780571032338,0.08966017968215487,0.18784943656175743,0.08687456977294658,0.16817649652579167,0.6069645846131472,-0.08066727079846565,-0.35857329159690204,0.06205801100177866,-0.8021039260477196,-0.030282582655498925,-0.1697216817861785,0.25063509792059774,6.067839693835797,0.4735442259601468,-0.15223509639200475,-0.21603046864324518,-0.6623249399861844,0.6985228510614284,0.33937109903116175,Guinea
Guinea-Bissau,-0.165333623922045,-0.2757242776357034,-0.437070243162209,-0.41103485415077584,-0.34072476649264843,0.04303992458841545,0.06318483153700508,0.14789532195047753,-0.2688806322035664,0.1264543301903244,-0.5950659852931546,-0.3065723638918374,-0.10838930483481686,-0.17146392393416984,-0.1873891922399129,0.9332780721986543,-0.09050391392175644,-0.06031546933183425,0.18293956607093867,-14.426007653189123,-0.04718851178995779,0.10446457999589981,-0.47112708590207425,0.7731823541438803,0.4928213861014478,-0.16846429267385632,Guinea-Bissau
Guyana,0.016041077225894,0.014647497622496996,0.00683202965747764,0.006046906185420056,0.0,-0.011993571318715805,-0.03963023372934532,0.0974743528434663,0.17371422040491158,-0.20973736192411774,-6.336935970838122,-0.5133572574859455,-0.5472301029079154,-0.2361337264956318,-0.32108829012828993,-0.1396128101370335,-0.07777507900275342,-0.12886221389453056,-0.23926579697188,-0.09575697417854138,-0.06897544496542657,-0.08980073850504149,-0.21252619688340707,-0.37740110689223405,-0.35270172564669106,-0.1254658927244959,Guyana
Haiti,0.40106009936476533,0.06577843856698629,0.12779766731610986,-0.1344913034693954,-0.08731448285734572,-0.27613273543959577,-0.33137442808096923,-0.18283037735817265,-0.38739502283566635,0.2334392922523677,0.4743635834878017,0.2829243172830986,0.20032215359057906,-0.0941482140451386,-0.2841831429718901,-0.1551322745813684,-0.08573075882987237,-1.0484691879675814,10.720459065239817,-1.5306665819211183,-0.24671172381108958,-0.7642546840323392,-0.39245866866001383,-1.221177051560055,0.4174980671130465,0.17680812256485262,Haiti
Honduras,0.8276643094811333,-0.22349048134496913,6.300796366377535,0.44413427772299435,-0.1890125810767277,-19.23581800808724,-0.2101560958768324,-0.31381981248176255,-12.111932984062715,-0.35029986525261847,-0.7979445867094167,-38.49986918931305,-1.490318724605215,-0.6498354979614785,-0.46607722396539253,-0.37958605087149744,-0.34015728370479875,-0.3698302467299072,-1.2533591348349302,-0.5457487485678808,-0.3389278245188956,-1.1140484977574492,1.3920237952136894,-0.48073274675426275,-0.4662413705390015,-1.0233964297289024,Honduras
Hungary,-0.0,-0.46534892482491297,-1.413657408627501,-0.3151406581195498,-0.5539030222506592,-10.986805777428602,-3.844254696776974,-1.1160584060797112,-2.8877805797827483,-0.8908679553204649,-0.05360006239029724,-0.029250324470197184,-0.08706969792706229,0.03547409705510423,0.26085492006087885,0.8787401337895877,-0.06947766912970502,0.1702802627677707,0.13039381012752838,-8.680387669575385,-0.20124571923543325,-1.0056254056526794,0.12461777379276681,1.6222992717766174,-0.06223433158548313,0.0,Hungary
Iceland,-0.9078389108499313,0.9279544324960235,-0.03476244489987665,-2.017651409640281,-0.2682313960172329,0.5521110421064077,-1.5464484999990828,0.04459687854260009,-0.6303241846249563,-8.064024558654236,0.6468242003330447,-0.08329119174571246,0.1433704181306691,0.1262870118979162,0.024598969065754164,1.8703249459718638,0.02115065934884975,-0.15690533490640868,-0.13439244668519462,-0.5258382297901623,-0.8434140919619108,-0.28161293808087945,-0.6432781370323448,0.0,2.624391810117503,0.0,Iceland
India,0.15969867648834013,1.8101345733701024,0.4913736636822271,-0.16928549812281565,-0.1703128073291359,-0.4854430520811887,-0.3111405125342981,2.152991181640709,-0.3483083734008474,-1.5457832371514737,-1.6027582910782583,-0.7606871986144591,-0.1428551018527819,-0.14409234201509133,-0.14845276964206072,-0.19765268084135507,-0.10524754304594909,-0.48939865333866583,-1.179105477973359,-0.10670949282250672,-0.24116826184843385,1.2888471329553752,-1.1177509616447596,-0.31586451080978317,-0.3428794168343697,-0.20693470283192122,India
Indonesia,-0.3178846994577855,-0.4582928988026399,-0.2534106906805127,-0.28002964364346966,-0.21126175118961074,-0.20977975663441506,0.2821127577978103,0.024069810045830146,-0.018238921603865536,-0.07501516773991956,0.029178781324615034,0.003926138501511654,0.004333010800360755,0.0100234090552689,-0.004046503412229309,-0.0061559463224511324,-0.011720652762244807,-0.014518742220384214,-0.06430154630393287,-0.012165342848338676,-0.02898099870678429,-0.4597191632630985,0.4059493652834711,0.24739923802878602,0.22608323346978204,-0.1568853940891408,Indonesia
Iran,-1.0700242930987678,-3.147086274934691,-1.1381480608732348,1.4923362659693713,5.814050159169919,-0.9585158146033509,0.9445365256440739,1.6171839811426387,-2.255233190126115,0.9397316188093935,-0.7154756567354753,-0.20695098169357806,-1.692287167365126,-0.135963655342191,-0.11734595099868746,-0.08724774344554065,-0.031449793811370176,-0.033755096886052015,2.6190698681335918,-0.02379633302467504,-0.026662073448369145,0.6644259646768153,0.07397989054166249,0.05868862520168979,0.1026960662006699,-0.222360115701419,Iran
Iraq,0.022704124315555265,-0.10713329654812496,0.052627603043596524,0.07397416390519784,0.10371739415214101,-0.02580322608950295,-0.32742015065565006,-0.08825625546555993,-0.031083011877656972,-0.20300997789460107,-1.3526339767953035,0.41706423380833735,0.18356197056523282,-0.019834418621498724,-0.0202854502194418,-0.011262369355812233,-0.0012629187173254768,0.0029939820477760206,0.07481478751286177,0.013540106176127305,-0.003676972147532283,-0.025172404679418968,-0.16894930659420776,0.13928110476918434,0.03727600823296266,0.4385042130469901,Iraq
Ireland,-1.8246694370582799,-0.36259563379301807,0.6728503797124328,-0.3172864935459011,-0.026662892905334648,0.24757959720512782,0.3235794769718732,0.06751807118133268,-0.2492182524134563,2.6075556108504707,0.3475099403024005,0.10124915130029287,-0.019477326734783335,-0.09718617201878302,-0.5202021386129818,0.36649305726697984,0.3801166681443948,-12.49209322555836,-0.0,0.06720898817851835,-0.1614864812698884,0.2637200464768687,-0.34166697905954463,-0.1261836854329572,-0.08479385655742915,0.0,Ireland
Israel,-0.20021808655674583,-0.27833612366650073,-1.1950149220314723,0.3678033223657595,0.0,0.0,0.8600641677089996,-1.068929577068336,0.43254982520464025,-0.047255525021747125,0.3315520030400422,0.11416116191226876,0.691532723901215,-0.35802098370502544,-0.6756570464773383,0.25030851648332014,0.05199136927753785,0.11644402241209116,-0.0,0.22769776228522223,-0.17115027650271958,-0.7136378254222749,-0.05454128497663465,0.395251800996773,-0.06972138750559348,0.13856314613189855,Israel
Italy,-0.4196737301644657,0.0,0.1980598113972927,-0.9981031957307211,-0.22163363620244197,0.07036153613382107,-0.16313868234720416,0.0,-1.298007473665753,-0.2804174573746096,-0.46747782188189574,0.19262031018680012,0.06833168810519805,0.28080033608849014,0.0,0.5093474719086069,0.16750457635887211,0.434491761498057,-0.0,-0.23250881320813443,-0.1977552115172754,0.07401845401338195,-1.3264726407283265,-3.3705975550401215,0.09599498649738193,0.0,Italy
Jamaica,0.1438127351575324,0.11938019520885536,-0.04305590341284702,1.372414012722818,-0.05328706229256922,-0.09577357813219924,-0.09937117756427134,-0.38947660517279054,-7.262710411635081,-3.5996925651869622,-1.387361264974777,-0.3724511427693729,0.48592791984497385,-0.23099800489626976,-0.15579177439424208,-0.2747763757571839,-0.22932713951974645,-0.25219823961537285,0.14400037130933466,-0.2072115330647605,-0.1965642675440039,-0.8281109358928235,0.3493904387414632,0.3694600735748254,-0.6461058545788522,0.6132264435590947,Jamaica
Japan,-0.04629475112338157,-0.21033874093299268,-0.21523252735507664,0.291984638967781,-0.4827121724420146,-0.018363178952644804,0.29349372924694006,0.03267624840776975,-0.2343906897305545,0.1818188703595994,0.17666248721348402,0.16662398084482377,-0.2879426763664657,0.0,1.7421857280544284,-0.991272807308079,-3.8957672495499107,0.1940649304491858,0.0,0.1627384564892418,0.0,1.793624190926798,-0.08435311054018403,0.12026202390080268,-0.22539276608437472,-0.055469386923398575,Japan
Jordan,3.3678263163399356,-0.18044100800730495,15.54172745440985,-0.5569739012422698,-0.8370912714492852,13.412989940719116,-1.3257794253698594,-0.3701078002011161,-2.064201237325839,-1.139802604605835,-0.48271542166469755,-0.3624703427865157,-0.3505146416868622,-0.12779206572331114,-0.13270858393972657,-0.04415773905443037,-0.054614110524337726,-0.016772052293493492,-0.1367648280938316,-0.08984464057809138,-0.2070858838468206,-0.6849369242754619,-0.38178667938958083,-0.62430633273094,-1.3966586424930727,-7.872795226208618,Jordan
Kazakhstan,0.5129418976804501,1.5366897230119514,1.2522081861566368,0.08858100795019387,0.16746230073274251,-1.5708026870991423,-0.8819877277769747,-7.80913320726495,0.24236250658013056,0.6439484768916152,0.2619606749011839,0.49084348627056545,0.06216976120168166,0.2298736434754509,0.01456552467932701,0.1559013095763766,0.2104008608793734,0.3078664444507663,0.38148519013530513,0.07333063652874605,-0.01362411490436269,0.1838924736401154,0.06397247326165285,-0.47786519071298733,0.020276104245273503,-0.0,Kazakhstan
Kenya,0.3089822108710579,0.5771175272873564,0.06478094966925345,-0.07433307075240841,-0.054909485764571726,1.7680991043008696,-0.16585506828174354,-0.2128973543237354,0.09628723759372873,0.27798140568354185,-5.449468821848029,0.922637736385984,-0.12890630173043935,-0.2644329447425657,-0.10734566810992682,-0.09455960775127974,-0.08864633115386748,-0.21947288067548718,-6.61089088822636,-0.4646446285485228,-1.1560082024473926,-0.14061371671222977,-0.34500780590843594,-0.23403628058529766,-1.126596157576978,-0.3012245065324726,Kenya
Kiribati,-0.06910313184065736,-25.996825437198957,0.41151314843637776,-0.09856458877109973,-2.124815651701713,-0.0906201121686049,1.4964345132136931,0.3834503532098218,-0.40368914203469003,-0.20441588384985956,0.07491208286615238,-0.08055268401575093,-0.02850571995185419,-0.08724756557561275,-0.062167972090840316,0.09434035813981126,-0.017474637964509408,-0.0725544567309732,0.04128680510246864,-0.026554702748758686,-0.037983151040592245,-0.22574176610252478,0.1970565389502733,0.19808225568582286,0.1508128706598277,-0.19556975482296984,Kiribati
Kuwait,0.15411834528883356,-0.04263338682285189,-0.050814448480507236,0.06628141943799401,0.21752461971630102,0.16370089616755024,-0.27933230522832325,-0.05895260641686608,-0.019332988128601503,-0.07990250716126011,0.25166182091872336,-0.390136551620758,-0.11562018425876433,-0.11140841900052575,-0.0666128447802975,-0.09505194542415965,-0.29154512169439595,-0.11002548256688147,0.08319711788276445,-1.072883779162615,-0.11094442798981682,-0.38471948105015674,0.4613649087071673,0.15878635225162652,0.03859454317785173,0.10820272097903093,Kuwait
Kyrgyzstan,0.2359660996407043,0.13345720267082856,0.6480257445503741,0.4931563994618167,-1.5530185743092972,-0.46598312990140855,1.4829528372016796,-0.43915921977256556,0.1482226413498563,-0.9252620968433607,0.0,0.0,0.2176577582064123,0.27499598216815274,-0.3692631549212716,0.567527621739425,0.0,0.1110390264130139,-0.35302331161629624,12.042133302271877,0.0,0.700074197898334,-0.35016493144978866,-20.37201649156109,-0.0,-36.63150048926558,Kyrgyzstan
Laos,-0.10162506151750483,-0.1791618307517908,-0.2643722036862229,-0.2413662887048476,-0.2913074732343408,-1.2850232604743,0.5072624418740187,0.16193644320295034,-0.39964768523460337,-0.2516640068757178,9.492184192888336,-1.3478939391691411,-0.26994247382870284,-0.1943854160886463,-0.23301630809153306,-0.13281046809871147,-0.10853223698042339,-0.11529075868804926,-0.69686677508841,-0.14937842490749165,-0.16168824828420433,-0.1873827210795964,-0.17197196582599167,-0.2629681414350076,-0.3373731398303643,-0.26676401389459614,Laos
Latvia,1.1565217376926984,0.21413605308387287,1.0978669702630832,-1.8174864829942337,-3.7468501844085367,-0.6133852705028141,-0.41060711100845976,-0.16647620585379733,1.0388895131182507,1.1754861740197156,-0.3887349859759015,0.20980490285910747,0.19417640773027434,-0.09542300122759376,0.4038588611436628,0.17786281555566566,0.11935153543174336,0.15443913928897587,0.29829243257535576,0.8331787226832165,-0.10438209949755,112.98608427745559,0.6383764407174661,1.7508427222929068,-0.23933568414626089,0.0,Latvia
Lebanon,-0.06638980176545103,-0.10672260237008369,-0.08712380856038693,-0.20712504393120632,-0.14843330403503044,-0.1791786014985886,-0.22855702577315604,-0.42700086193709,3.843182509498465,0.8425642892717039,2.760994005995887,-0.9799182301886259,-5.722635460895015,-1.9978132252838745,4.137863614864326,-3.2009824777940294,-0.235886950017091,-0.09439850399523789,-0.009292313232716138,0.1913740428005443,-2.453655483126197,0.49684200887812235,-1.9483258899520004,-0.3743097316819422,-0.49319427528394105,0.24067768838921566,Lebanon
Lesotho,-0.18807584648731712,-0.09338687272379845,0.5509356762620216,-8.544457457555739,-0.15404706571633284,0.9597765888849289,-0.26020576824091746,0.15408806817388987,2.1815146277520108,0.6009867818465662,0.33495819951077205,0.43220945234363484,-0.06000093514465431,-0.0987232374488358,-0.22145360785636287,-0.44547979907414903,-0.14670377502443652,-0.5046373046191822,2.5726199568206005,-0.029465817138215476,-0.04622808902291542,0.17092255901884984,0.15073373643136048,-0.4062554617121858,0.20922353000131774,0.21617642505613155,Lesotho
Liberia,0.16593665923162265,0.035208088253622406,0.039850203479982055,0.052338827109018965,0.8967170568573284,-0.06410296673299076,-0.013659814982901487,-0.06835915747029517,-0.08043428421396402,1.4864983173460842,0.2787142694138801,-0.2747234623440867,0.06266268742011386,-0.08035445025029996,-0.23890318484196335,-0.1421099189901306,-0.13913553473928028,-0.1455951106288291,-2.00408585187213,-0.20289261351717985,-0.10276702118186778,-0.16145386380672672,-0.17496540403432936,-0.45602250295524577,1.0043735028642806,-2.486308845642819,Liberia
Libya,-0.7393399888373874,-1.7705097027458943,0.5395847485012911,0.7073235966685594,0.5894019684570508,-0.6227530685887692,-1.140877764072739,0.4199193714097886,-0.4034582708159277,-0.3197487403631619,0.2779409711221479,0.08511409363880831,-0.14930322819899483,-0.08967019891610542,-0.05260867341615127,-0.06837235867064682,-0.07385530461192068,-0.010663300813974184,0.010067393670873273,-0.015153039281110746,0.006599690883626844,-0.0036603619772266702,0.022518130744804868,0.02324847302043299,0.029183670028972854,0.11520780768056196,Libya
Liechtenstein,,,,,,,,,,,4.073319937001059,-0.4797135901121625,-0.5657920759528424,0.5076924837947839,0.6796605082984534,-0.47164286411292305,-0.049156326367902646,0.0730385839440459,-1.6327685805646899,-1.5114570313842421,1.725625726376267,1.8436409028288858,-0.7937854417759009,2.8831116868252424,1.848990538703667,-0.0,Liechtenstein
Lithuania,0.39044237166974327,0.10332370200917242,0.8439298718602138,1.3391017962270693,-0.20845559936713243,-0.1494419058423399,-0.06243937637514454,-0.057447813066011356,-0.0,-0.8014518852689034,-1.0213489496079005,-0.26602012428749305,0.0741625303901065,0.036697375491046,0.09427808615386717,0.18250615466329462,0.0677072473642237,0.29704337446241147,-0.16653429950292226,0.0,0.17632018132850272,-15.363361084143053,-0.06429189594256549,0.4334765882342443,-0.31698308225862953,0.0,Lithuania
Luxembourg,0.0,0.2328253709023704,3.015085709255333,0.12244147839986651,-0.07200420456257889,-7.407913124257634,0.3174633671228048,-1.7397789706964792,0.4132026488669307,-0.21160239020751193,6.387013537548079,-0.17819530434926295,-0.025414389002012202,0.15250303462657402,-0.2890963272240216,0.10514677926077494,-0.13752268734748374,0.0,0.12312705374297435,1.974095745593702,-0.6561549968153942,-0.43287537874733595,-0.19358584733198886,-0.6775905783558821,0.13764490483161446,0.0,Luxembourg
Macao,-1.0787097226163267,-0.591317067067187,-0.5563095178348674,0.8256326409435898,1.6826088075694279,-2.5516402529679674,2.3913319649154827,1.7742074919053639,0.7437317586628597,-0.10765991108654262,0.22529083770640343,0.5677310045868658,0.5275002243322019,1.7600476606163036,-1.7831816458702838,0.8511543524886126,0.5957698169889278,0.8503610426787284,0.8907893094783739,0.6589521048754635,0.5213624120999167,0.8392563236874324,Macao,,,,
Madagascar,0.030923953779907393,-0.0609332443438907,-0.07611313277990972,0.05168077464507522,-0.30633556125731676,-0.04970846897263874,0.09302009061746994,-0.6917013390252427,0.4665846274176016,-1.8017173415371563,-0.1412746375232966,0.3300559894284561,-0.09186913898454446,0.08350539677962925,-0.15112525998111978,-0.28579300400719815,-0.06187645706228265,-0.08212279573440395,0.14358674716319886,-1.9402844811556996,-0.14349633193325556,0.6991543932413715,-0.3665419980557541,0.8129039989822052,0.1202172824246475,-0.7201306421273778,Madagascar
Malawi,-0.13599095629439859,0.15394490586181733,-0.1560593366520071,0.03213548762829206,-0.07415742993771363,-0.0515431006609585,-0.2744409865784351,1.8823237613139328,0.29279637749951615,0.19700449178025228,0.21206954905796116,-0.07878004475349504,0.07321852638611581,-0.1322364517177404,-0.37442059508877323,-0.19241650473191085,-0.21278409130596893,-0.12775049716819753,-0.19656696808149143,-0.31502211032757477,-0.2586838368981569,0.09793467874180962,0.2691477577245525,-0.24794661496535297,-0.40587142322452063,0.08217485912218811,Malawi
Malaysia,-0.1430589673976693,-0.07234159766634034,-0.12335027189390597,-0.16996088107446305,-0.10736268416490322,-0.21226937461479434,0.9014662596321229,0.11651918235266275,-0.5774446471422067,-0.28071192123304545,1.4164042251131326,-0.6888666254104402,-0.5596020828693921,-0.30977004022377974,-0.20537429782559571,-0.17232654983191192,-0.0854128404874595,-0.0690090060190987,0.07198996780337388,-0.03846593594341094,-0.06192255017459177,-0.22199238401913707,-0.6045456335974085,-0.27035388368246116,0.0720239453175099,0.6693054614845526,Malaysia
Maldives,-0.5123594423557187,-0.44636958829627205,-0.639983311883225,-0.903985791850469,-0.3804706372147853,-0.7032374943149547,-0.6978944189365748,-1.6840788639512463,-1.014310190261385,-1.793686566256484,2.5677679882525264,-26.47933177300966,-0.3725807326288009,-0.2769249494830911,0.38437830638262777,-0.0663628777469003,-0.08776618239089479,-0.04266492549980772,-1.1920660613735237,-0.04046762521587669,-0.11826411072629928,1.525385761342274,-0.08931602783874665,-0.16479585835468366,-0.2426047321423189,-0.939256299428198,Maldives
Mali,-0.01081669495287316,-0.44494373864084996,0.07947041460097418,0.014605250096562647,-0.0214136105072382,-0.06635082555652093,0.047547859440672344,-0.04253390430607259,-0.18685055804160247,0.021026401203442367,-0.01979053492299609,-0.027733106777298386,-0.01607354907261779,-0.025287036240267617,-0.03580679963921561,-0.07248236363058065,-0.042766227687464374,-0.0461981899427187,-0.8189430030837506,-0.604029633543318,-0.06233413797444909,0.17424588891764242,-0.37139226162546474,-0.24100548842076264,0.11874297095613172,-0.3496863405353714,Mali
Malta,0.0,0.38052671683916517,0.4719334211281785,-0.6123813396816483,-0.2043319131085923,5.972404811446914,1.4557002953100344,-1.1686106311932574,-2.802337360065092,2.2662708688114455,36.331303272387835,-0.22043246270952685,0.10049707080433679,-0.4888322678797359,-0.2697077064304108,-0.25606663292137355,-0.04461767382441889,0.46474665427433487,0.127471492914503,-2.311837486590208,0.848091438571379,0.346110888192127,-0.3851678738932528,0.28754141764192065,-0.36011909579157975,0.0,Malta
Marshall Islands,,,,,,,,,,,,,,,,0.0,0.0,,,,,,,,,,Marshall Islands
Mauritania,-0.1814377732684412,0.6854730301018422,0.056315452169484484,-0.2996145159930909,-0.38322127715357185,0.7880805482979991,0.21079014814005956,0.07568524590350266,0.2257013708587263,0.10668195191656316,0.42779806785276797,1.9010558559908983,-0.0685793715211908,-0.05521690652024825,-0.0756180463313726,-0.029423858990532036,-0.06857028153410452,-0.04132866005911452,0.049095375839795834,-0.04590501502845731,-0.09000662769998924,3.2852101730679415,-0.21696552672452205,0.2840832733172562,0.14326773699805403,-1.3655260260949178,Mauritania
Mauritius,-0.14716095815453434,0.20398022930219534,23.353192521479478,0.2360682001739089,-0.41089589071440547,-0.11515102237509026,0.5985828417166036,2.4957784771050195,2.0184885987631604,-0.4509219761792569,2.243240276169177,0.37000135558119707,-0.18569358754001103,0.21419377837770331,1.108072603965995,-1.8126484369019191,-0.10999926580450846,-0.18247039416923486,0.5340002176811683,-0.13620538384395778,-0.0857589058048149,-0.5811687491203174,-1.71432141566666,-0.1287185955150226,0.5543165686058772,0.6653852895795639,Mauritius
Mexico,-0.16634064557137593,-0.21016850979236013,-0.15023334883976774,-0.7384160360930196,0.07753013080184332,-0.19367362704730046,-0.11269458977795785,-0.5644615887625913,-0.15807417623161066,-0.11122889516924352,-0.3203234056485291,-2.673547057456261,0.24598248558896652,-0.288324302190246,-0.15255702349715666,-0.16366490587555904,-0.22497167972846008,-0.3195993491891461,0.056174087236979114,-0.06138672358632348,-0.097735342165607,-2.6392512260669427,-0.23078008991071008,-0.6468103217111844,0.10357261392829722,0.15509760953617507,Mexico
Moldova,0.2923670125823299,0.17348720204577062,-3.6988939167981845,0.16174479937507633,-4.184383597105748,1.3105855313723163,-0.34619599044455723,0.4952837015073593,0.19367382744539582,-0.5705505639243184,-0.36723666621345685,-0.372879338705121,-0.17658320324590282,-0.05885635504036413,-0.026756882357250683,0.045538705119734756,0.04125181170531541,0.029546970021984375,-0.09723387041602344,0.06625899246875043,-0.0037663232891340815,-0.08755994982148887,-0.0520966054551692,-3.2399165280921713,0.034421123014521146,-0.12947164826998706,Moldova
Monaco,,,,,,,,,,,,,,,,,,,,,,,,,,,Monaco
Mongolia,0.99282908199927,0.9275093194370095,5.005256789164284,-2.0355243767064803,-0.8949417876643994,1.1498320489155498,0.48053305727244766,0.5681968955305083,0.5583447562669891,-0.5482520739069107,-0.20868768367587126,-0.10519308680870447,0.025836175177862616,0.059273976286484634,0.09969271811540525,0.10179589106782704,0.18365024735919963,0.14319236205658517,-0.21830517872622973,0.11704779885729479,0.07106719941694344,0.13501750937238127,3.4286505894616024,-0.045000851616055514,0.11097535194170784,0.1954405354074624,Mongolia
Montenegro,0.039217362934569594,0.05231021947463404,0.02291298043574894,-0.38318497972465443,-0.028674580313282006,0.046992482713991014,0.4210074612495957,-0.6069975698218258,0.4053131609164797,-0.036823113906015295,-0.02945015225098272,-0.03597065853259579,-0.009793955978157298,-0.012592346554201439,-0.043854884037307695,-0.022696056134576585,-0.018792387633166607,-0.03558627976739527,0.11402326854545702,1.6062906745428764,-0.13134950721577016,0.11432439522926792,-0.12046964018924948,-0.3460763704922982,0.06576138588172054,-0.07583209306622848,Montenegro
Morocco,-0.6477131952936712,-9.463701243471002,0.551776997746926,-0.37010131712373645,-0.6073823235104434,-0.43737590439125124,0.3883330978314819,-0.5923653619735761,1.5427274466962737,0.3061165284478095,-2.6464494314826283,-0.2656881405751541,-0.06130504591825185,-0.08991350500362799,-0.2851577270976289,-0.07277795728969855,-0.02343233086424728,0.0,-0.2883761223009045,-0.37229686170467147,0.031915512647468496,0.008786372140883257,-0.048507038585270924,-0.4582896335615818,0.12157749302975139,-1.8164904603670413,Morocco
Mozambique,0.0724390373207778,0.025199935474524496,-2.052604565090355,0.7041599390449801,0.7993696016465857,-0.022918082240007357,-0.037280815643121745,-0.03968528534653221,-0.058875332839867865,0.030412117063164865,0.02476747420346275,-0.08264182168329501,-0.03026259241872632,-0.018698758789418794,-0.044109090208803645,-0.11311310535537601,-0.05839783604739163,-0.03180186882990854,0.08592863064279137,0.07548116305695507,-0.029953507261249873,-0.08029807272590463,-0.9529661183205373,-0.6934717624188453,0.08961351174375337,0.042836062818524756,Mozambique
Myanmar,-2.447102777679535,-0.27142052477842593,-0.3498360360909803,-0.2598615070249429,-0.22525707766843664,-0.19164172718817207,-0.1587641759554975,0.01910340816171957,-0.05661848820529316,-0.05468272749054751,-0.18033675215380382,-0.029069699125314707,0.2564398563496856,-0.698670483255276,-0.13285655540671173,-0.15395363849476237,-0.08189975142006983,-0.061212408112571864,-0.09104693940427624,-0.08936488570412567,-0.05051313888513955,-0.3828983413740419,-1.576668479563432,-0.22545621359183624,0.1805921066013719,-0.4025109085711506,Myanmar
Namibia,-0.5789437980841068,-0.2206777906261969,0.3092393600612313,-0.25249948287625357,-0.44466140285502476,1.2976884728533131,-1.4511912532944948,0.31258043803081875,1.2870294742463444,1.8506377555372826,0.21256159992516788,0.29035246577461093,-0.0412804233453508,-0.04789002249134494,-0.15514983492195195,-0.10668930569690888,-0.0544159540454068,0.04746963412896906,-0.020549169167361745,-0.001116580388492466,-0.0171997251786903,-0.12670454530927042,0.18184515368279966,0.8690540239618623,0.13233115112663177,0.3407796600081853,Namibia
Nauru,,,,,,,,,,,,,,,,,,,,,,,,,,,Nauru
Nepal,0.1367046366969292,-0.2971272431342349,0.9316603225988033,-0.17516278274467179,-1.0616851456945937,-1.6624563362762446,-0.3658634821265662,0.41014199400157375,-0.43782658349152964,-0.7940627443562339,-3.492438013937539,2.8491157792863135,-0.49851920387437126,-0.3622617123506971,-0.3421873308890154,-0.5626058002854758,-0.2158384469697049,-0.8247661793196083,-0.5898152097971502,-0.1760880952179176,-0.3458982564659307,1.5577097211574913,-1.9208816028436975,-0.3824205916216663,-0.5089148875817463,42.1498063642482,Nepal
Netherlands,-0.28023037948396073,-0.12304409207449975,0.3869038367035737,0.0,-0.13748488153961527,-0.0,-0.24441019035758815,0.9990555742350035,0.8489515420080995,-0.5777676306018921,-0.19696474883411005,0.13368651163777792,0.052478657586749404,-0.1323773754602279,-0.15577881032605137,0.0890795977784364,0.0,0.2537616163674881,-0.12898550676839074,-0.0,-0.2601146847484377,0.3030812930695278,-0.5533057134537894,1.364979493427874,0.20386078001767094,0.0,Netherlands
New Zealand,0.18802229307926818,0.3303869162574073,-0.49678580935492067,-0.15782926827579563,-0.030785190030145477,-0.17159296303653193,-0.0,0.1964415011499385,1.0974406564976231,-0.050235099713157504,0.2717474815010207,-0.2914465154550252,0.06562764625577285,0.1273493142688268,-0.048123216285313804,-0.5227200182122423,0.390450527253876,-0.11564837909564052,0.2765203741018391,0.09624396944057946,-0.26986755008297025,0.13974108413853312,-0.6051593887475774,-1.0820847928686104,-0.29085612006344996,-1.19583529391235,New Zealand
Nicaragua,-6.931107229957991,-0.9979329728574833,-0.8895895440837313,0.44784780468819824,-0.8457167467355824,-1.8061248951881064,-49.56913653230701,-1.0745424098196126,-1.2698625036776783,-1.0248060044857306,-1.0672860954078824,0.8093853649251044,-5.722117933544846,-0.333677779936625,-0.29155302783764053,-0.3485882486021639,-0.23560389234396648,-0.14774694119243784,0.5090609166365867,-0.4610799665610806,-0.1834317600490274,-0.285506386193654,-0.5880317705235526,-0.23162046866143723,-0.24347933750311873,-0.49341324680979437,Nicaragua
Niger,0.01749457385916258,-0.22266474888717752,0.010333009431795388,0.002889026801933089,-0.006903332139039081,-0.034289029269203894,0.010510580487578488,-0.011364174127354212,0.023012921026697157,0.008206535920341958,-0.02861737088470933,-0.015757970677622253,-0.009795679047418753,-0.03663512406742968,-0.019608563210333475,-0.061597778970575744,-0.02207818734867978,-0.014778060177587034,0.09300446413279102,-0.19005581375468553,-0.05469263745962826,-0.11244958294414566,-0.08448215749073987,-0.1808476842523392,0.042828403020168625,-0.2831551131683875,Niger
Nigeria,0.1277663408265139,0.05235713397503141,-0.12067230876296303,0.046380790692754414,1.3377032744138366,-0.17360253432964678,-0.25548116964067524,-0.4232013194386324,0.9485136279465074,-0.028963424028486496,-0.09528407339549734,-0.014747409848252601,-0.05476661731355116,-0.015503703896619335,-0.01673440278464655,-0.01474589897309578,-0.034287406437823555,-0.024743970673226135,0.032430657090295696,-0.026499208235472596,-0.06372430113235208,-0.08435487543169441,-0.09310401188686032,-0.1309243634324681,0.07180134669053499,0.057254346640142915,Nigeria
North Korea,0.12002213616325824,0.11370902258574464,0.09746818218088826,0.07311712809625737,0.04709600896461875,-0.017155499465470448,0.500616795788329,1.0114222315787373,1.0950855368288888,-0.20035050274574226,0.0,-0.08822989223899508,0.39225930452335417,0.47144407863575755,0.009470534971546533,-0.010060931150650348,-0.025910617061977077,0.03254699107320471,0.03442898933070836,-0.02631214670662047,-0.04655778141031605,-0.6422426398786958,-0.17052168809893534,-0.137786200437805,0.09039134669656027,-0.2212307391229641,North Korea
Norway,-0.428798477914404,-0.30742615542527385,0.12731406582064536,0.11126874106705847,0.0,0.15465746054467197,0.8237699248213433,0.533073087885523,0.4758439963059323,0.0,-3.5755086253277537,-0.14255938608184032,0.17388522619366087,0.11206841840735314,0.03433538426749521,0.2989651022593526,0.0,0.22485053116220785,-0.05857354413081526,-0.1565007661095305,-0.2433878818720084,-1.7365184345957039,-2.9710408336764744,0.28944784931724005,0.0731021042443772,-0.0,Norway
Oman,0.6542707722842508,-1.0855776919432296,1.456682461862004,22.591286917320883,-1.5810867487308033,-0.7516299580568775,-2.3026556071121065,0.6711235626416826,-0.6367868265510469,-0.28072180435975436,4.2852288180678135,-3.076971795804218,-0.9004315380116321,-0.3076474061537632,-0.11436020325013013,-0.08823069731239457,-0.05943002981421955,-0.0017382928228413988,-0.010087781943758182,0.012298546196259232,-0.014902396461534,-0.13030211215994464,0.24154727456191646,0.08877383324155173,0.22945023521935565,-0.9552613952537792,Oman
Pakistan,-0.4028319583625638,-0.2457492894340259,0.6010752340011216,-0.521999327046118,-0.2080277586134932,0.8584065083441167,1.2377881856437578,1.4112715444886879,1.1359560301058715,0.8605180641194207,0.43957895513004736,-0.3963163249628947,-0.2248770685338464,-0.16133317771053834,-0.1466579915208475,-0.08764424650718823,-0.10962862851232234,0.3288061936969335,-0.22832393316833074,-0.20754038643046432,-0.07349805440669824,2.0893445106283974,-3.4093722215154387,-0.16528706253669767,-0.3669618783037418,-1.0913678860157456,Pakistan
Palau,,,,,,,,,,,,,,,,,,,,,,,,,,,Palau
Palestine,-0.19315545205213372,-0.055449384905805074,-0.45692594777022144,-0.43057816264572973,-0.2198331112024562,3.2060430746287323,-0.5519470772532232,-0.8572761421651082,-3.131196602366392,1.3258555684359286,0.2943431554539623,0.20095073196884666,-0.2476417267064111,-0.2990460509614925,-0.20789274557371096,-0.8651573042945314,-0.2548654085283421,-0.0665281550847316,-0.18903096297679303,-0.08997240126748365,-0.12082464607765558,-0.23416990272400356,-0.19285215420140625,-1.2743881987890597,0.7012804993435333,-0.21288772863724123,Palestine
Panama,-0.24689475231699004,-0.14400273137566627,-0.19919205369003637,-0.24619404135404296,-5.6527973062080275,-0.7628517211036799,-0.11798164498211994,-0.11979960701118966,-0.29048355554613875,1.5246814347763686,2.560072667318069,-0.4102834688202659,-0.20599513019591636,-0.07845468471758182,-0.06371778379188706,-0.03426910120485752,-0.01129369651682646,-0.01183253948133249,-0.02577301497232914,-0.03419183862206047,-0.021737022264835145,-0.031507448782624674,-0.05652672397973768,-0.10142497618358971,-0.14351770910095343,-0.19949020473355686,Panama
Papua New Guinea,-0.06435635231538538,-0.06490550408009864,-0.04399618908874718,-0.08074678745379323,0.02869785213194699,-0.0830006759703104,0.06691058057232473,0.023787566193835114,0.06978140944993773,2.476317617605099,0.0778465516270837,0.4432031293162417,-0.06270828686253048,-0.12032880459383873,-0.08616119337776156,-0.11306867612351258,-0.10526726908584008,-0.06845391054060906,0.507060387291973,-0.07221187619112288,-0.06307418538932016,-0.09107257331806101,0.6646417241720874,-0.23448142070347228,0.6386654166581518,0.1591383662754815,Papua New Guinea
Paraguay,-0.1264205126272965,-3.386449215383111,-0.4848777593876196,-0.17403867283810798,-0.15525617613985984,-0.3771886359113674,2.9004412978708305,0.2275736866836544,0.326221455248061,0.7131485497538613,0.31452238981485725,0.9120835277441559,-1.3835808921751527,-0.14267867131605264,-0.3630612395986428,-0.11485422919804225,-0.07648073122488186,-0.05867626387466557,0.201408279966494,-0.10099280205865803,-0.09117436082539782,0.7112768374957109,-0.11681106558116615,-0.508527401114454,0.11379393559111353,0.7160722872622469,Paraguay
Peru,-0.1772997286276681,-1.1602226605174073,0.5393893173126956,-0.10834787033890217,-0.1626276971761596,-1.649278410817569,-0.7927920087111071,0.39865388499869264,0.21098349543180026,-1.3549539296139954,2.899526276603238,-0.4495589492724374,-0.27737296349421925,-0.12846933675750305,-0.11630767338242297,-0.0862315030475925,-0.0842934549819471,-0.06047776119596865,1.4715278928823814,-0.03881241501601189,-0.05074827346411329,-0.07399643462638202,-0.2633197243603083,0.8783223287727573,0.1625493322721889,3.3690938079287345,Peru
Philippines,73.10042066771243,-0.11746069461660968,-7.587721146357569,-0.09160928147181446,-0.09670625528806692,-0.11887376941549144,0.3486842462111537,0.04062501988541029,-0.07440944824171578,0.22722613196883293,0.1501252518709531,-0.3212952777017137,-1.6054945265532325,-0.28765659825684947,-0.1985685998453041,-0.1352690843449941,-0.11016893285042853,-0.14414383843572046,0.3947752418171173,-0.10490660865620385,-0.14894753829289928,-0.13938780496274536,-0.1850756179719185,-0.3989600253585415,-0.8979648697499418,-0.4318528109347352,Philippines
Poland,0.016591804775017652,-0.5815668355022682,-2.4572046294375753,-0.2148859263821422,-0.37456474970962716,-0.14961563422103166,8.291569722602304,-0.4858234753457416,1.5501735836910313,-0.5541092632800094,-0.40110229407888004,-1.0426075714864096,-0.24964768630216738,0.04708498818522612,0.040450809084615645,0.19109634113158133,0.1287834376367139,0.2502501151387425,-0.04087183470647676,0.07891280943052097,-0.5428747503659079,-0.0,-0.6061700186857595,0.5514246160419468,-0.0,-0.0,Poland
Portugal,0.0,-0.06363197684048714,0.10736747231130826,-1.0421875115948613,-0.15375836474132737,0.6284746219580098,-0.42024873095651394,0.0,0.8520331391911029,-0.4423171825802763,-2.8628273775180615,0.06931150211471504,-0.06125304400042596,-0.19535432068155514,0.18179336257786244,-0.5219725860733435,-0.09847809656727279,0.3290510411817897,0.5001586357801382,-1.6160683319185856,-0.908588491826688,0.4586383845381995,-1.0479209798780207,0.8437742265786168,-0.5092502106918462,0.0,Portugal
Qatar,0.3475140132435877,-0.2713825905185487,0.2831415259417092,-0.9426191703174683,-0.18021171513088022,-0.16628046186011064,-0.07687504865611434,0.1597134913204904,-0.13599386341100267,-0.07353968749105463,0.7111714218972932,-0.6882933612749264,-0.32344243058787575,-0.2302092884172946,-0.23962996932401448,-0.33736418926841705,-0.5025033931678546,-0.19293832711113912,0.13904452264834824,-0.2003490752539,-0.09330449348644682,-0.4573901881991965,42.07373215817133,0.7957494900465618,0.043377364843955525,0.12235432336385894,Qatar
Romania,0.5363841331022611,0.15768759967950244,-0.14994501745522665,-0.14196697812520018,-0.26669841848316106,3.701308306337565,-0.537797200305844,0.0,0.11518649629694089,0.1822260437789466,-0.32181329422413557,0.0,0.07757687839076997,0.08197547207868126,0.17460035281670447,0.05712593943179244,0.04754107860254982,0.4317250577390655,-0.20821405563079437,1.1246093280896348,-0.6804588200381276,-0.5511114914015958,-0.3272524566089266,0.8135916157059512,-0.3798623253092977,0.0,Romania
Russia,4.036321296618394,0.8174970776062943,1.6296120909583673,-0.10008336569774898,2.240400093034931,2.9377934258137155,-1.176269607949434,-0.03491525207064046,0.22154752839301362,0.09942318604547357,0.12649801768442318,0.3915977251931806,0.10402927071468818,0.04807169389322676,-0.12544685857817797,0.02851414943006202,0.27073038274027356,0.21845155756932977,-0.10078252535938786,0.06593149975429141,0.028980541868642937,0.9171379097970063,0.25631013064247404,-0.2428231011917245,-0.0,-0.0,Russia
Rwanda,0.1439017243708628,-0.2830551182301094,-0.8555164121351185,0.07941127253152011,-0.25047744071720435,-0.40437172728905735,-0.0699805020985027,1.9319314338025269,0.13582592809222616,0.17309426742639933,0.24811293728955547,0.7929753799110938,-0.21650139786272862,-0.16632370837041,-0.09638606475108774,-0.1146766534854182,-0.1314722949209887,-0.10834279590496529,-0.3512662135087207,-0.6089306025417885,-0.25607109155597224,-0.30226053193464064,-1.8577346397181873,-0.9307120831597269,-3.356051036530808,8.413999236638855,Rwanda
Saint Kitts and Nevis,,,,,,,,,,,,,,,,,,,,,,,,,,,Saint Kitts and Nevis
Saint Lucia,-0.468840548464866,-0.30876662225871376,2.8122370225334423,-1.111202312752142,-0.6885866617591753,-0.8275673953324214,-9.532719509846812,-0.6511139477598906,-1.5085555348589752,129.36650948747368,0.9924191402768425,23.705213040104994,-0.7046042061646375,-0.5244399194787851,-0.8054402166091715,-0.13538869763319625,-0.17281233015566264,1.6099709099469421,0.6561826058393003,-0.13207087442745072,-0.4323163699848372,0.9473292622352036,-0.31372157614090707,-0.18860612348089817,-0.12530507305502012,-0.39809872871981733,Saint Lucia
Saint Vincent and the Grenadines,-0.24331954458466332,-0.16547767456278364,-0.7992245083895981,-0.9072636723957361,-0.24178135339148887,-0.4149719608075523,-0.4449571929788984,-0.3185521773200778,-0.6661286257212792,-1.6679000347937059,-0.28764053436447384,-0.30153840281254934,-0.45224152534029344,-0.18175139177224883,-0.21841002918496485,-0.08830980175772463,-0.06925148821256423,-0.5178695577056857,0.3314320386828377,-1.0823834902662797,1.4333430352013716,-0.5133923749114588,-0.291886927437851,-1.690963282969185,-0.3154295505180733,-0.5056287688269837,Saint Vincent and the Grenadines
Samoa,1.7570160255237381,-0.34677730265285023,4.013068166743835,-0.0209445330762707,0.6904154504832537,-0.10503327656433882,-0.14111665312785512,0.16091074603022298,-0.6408949703300554,-5.25638365132137,-0.19556409947924583,-0.03689167513208432,-0.006397880940677597,0.0023724413843812164,0.007393458706177818,0.0,-0.005349056255291718,-0.4231424159233305,0.09023923786174223,-0.09743498802041936,-0.15504029891114413,0.9531640941849374,-5.654764477783698,-1.067615144637062,-12.590812129191782,-0.3401019194232738,Samoa
San Marino,,,,,,,,,,,,,,,,,,,,,,,,,,,San Marino
Sao Tome and Principe,0.07915335202291227,0.07018618883690066,-0.0321506447329483,-0.38262070485526006,0.04385163097204987,-0.03441497179367115,0.029782906105097953,0.04330366775798383,-0.18827022249572503,0.32266073199608175,0.48268223120701875,-0.09787374454132104,-0.05966900900930328,-0.1422910871076885,-0.05822214306218163,-0.25405905793958283,-0.17316981138988527,-0.03770120877169005,0.32842530881922777,-0.3874512522462127,-0.06487862043486164,-0.17738511036233395,-0.06527782431417636,-0.13116107963390178,0.12563095138791053,-0.18263600038091965,Sao Tome and Principe
Saudi Arabia,-0.2885572890644178,-4.678209404447822,0.5938018828730349,4.461145117594939,-1.1660111340815933,-0.5409117388190152,-1.795192641635647,0.34954420313750373,-0.5477138088647432,-0.2762031222303919,0.6691329296296438,-25.74242348218858,-0.2743561792774231,-0.16264715327117268,-0.10896969536066889,-0.22046268669261077,-0.3552162674014704,-0.13016705225575678,0.15266720556621596,-0.16071970646493403,-0.13644238331037667,-0.4812816659290157,1.7780635934997302,1.5938303328243701,0.13552765494720884,0.5017888877247398,Saudi Arabia
Senegal,0.25117193912246316,-0.25378237632384604,0.1367758781364424,0.05040964179552771,-0.09168195522684044,-1.3666870834657312,0.18757440048439628,-0.3591055447583248,-0.4115562585280605,0.11288160992234396,-0.8746312953021265,-0.2016139193139483,-0.045826162191216074,-0.06851668811228112,-0.13527961992752485,-0.11915815857253641,-0.023470568766350865,-0.02021445172244796,0.04144166008006086,0.21199440700555203,-0.06041273668613239,0.18224162288759782,-0.5691350297904305,-15.492712821825462,0.10314818454398056,-0.34651602354449446,Senegal
Serbia,,,,,,,,,,,0.2183996622796785,-0.02012959652110182,0.04004609934167537,-0.07143712074633571,-1.2931572665148798,-0.08088619721894316,-0.10870274744335512,0.06360636621978358,-0.2174760233254919,0.39494400074215263,0.0,-0.3003019022413911,-0.11240990838755717,-0.8734484748238531,-0.0,0.0,Serbia
Seychelles,-7.797287003572386,-0.19326265651621372,-0.44826885426416885,-3.113706502946774,-0.8763081190172188,1.1220479212907233,-0.8691815737202414,-0.402407747340383,0.0,-0.9908069887521399,2.6785969163664287,0.3012779368910476,-0.9519804757149074,0.9228495727482409,1.188359647787151,-0.4305176963657009,5.793532666268088,-0.5904614867001584,-0.16865784510196297,-0.6356446450773825,2.2534741170907706,0.5222149862099543,-0.08506722514173358,-5.227229342221643,1.7145449368238581,5.39968288813922,Seychelles
Sierra Leone,-0.007722398766862699,0.017456364122478887,-0.02422310452429859,-0.02272191120486568,0.1271738774529668,-0.08394545221167136,0.07778234541894705,0.04023728336009277,0.4479550235955299,0.14736029318463334,-0.054926548647698865,-0.13410685490417176,-0.265456685318578,-33.75171273355963,-0.18362935173831907,-0.18634613557253146,-0.19171376772176743,-0.17857456880669406,0.6074611088658988,-0.9909166217990709,-0.23587897848180914,-0.10283541657342006,-0.0994050323019668,8.489716404989746,0.13875306799092937,0.20693649773307696,Sierra Leone
Singapore,-0.4025720803507298,-0.051754592129530215,0.09273656127814399,-0.09720108280620636,-0.15181661922921189,-0.09506859065836785,-4.029187581577987,0.47951853231619096,0.3929437614173743,0.9798830438887633,1.495856114334182,-1.238133870537842,-1.4987516373725662,-0.0481206453466831,0.0,0.12809706730911577,0.04571598463396491,-0.323438929503413,1.2486032909335465,-0.30302382051787846,0.30923794697585055,2.2454152905957656,-2.559262183497532,3.8199533193492248,0.23532811733400066,-1.4399643129691648,Singapore
Slovakia,0.06329084922397825,-0.7046154552760324,-0.4256773475573928,-0.6965134553725254,-0.35720373666118116,-0.41889524201025613,-2.4822520960635006,-1.0385575500444395,0.3313713530089668,4.482539469501513,-2.3169453512345206,-0.05248086011811564,0.0227291453555139,0.1548014101922303,0.11670384202187778,-0.09480674016240839,0.04601365176397271,0.21598318540848557,-0.9348888404308316,-0.5669482214304724,0.14450437921782863,1.6031173014027607,0.0,0.9545947925486331,-0.17274508361794583,0.0,Slovakia
Slovenia,0.10094654598917242,5.96086193803956,0.0,-0.05443332562598323,-0.053869359213394356,-0.9251348312262778,0.6913433066007928,-0.24060281927247498,-0.6382552395938031,-0.3876785357823447,-1.3686011931072608,0.0,-0.031627277408131295,0.26058936153892215,0.1616732257095823,0.4593806591936517,0.2543449775527576,0.7196589508615021,-0.0,-0.5422081054809095,-0.09721551817462307,-0.1299143921277763,-0.521054419715528,0.6583082487328993,0.045682264815918805,0.0,Slovenia
Solomon Islands,-0.712508287908107,-0.15415237316763525,-0.44344857328338794,-0.24856078484024843,-0.22298256942517544,-0.30758043400173757,1.425881919315172,0.13197872372147723,-0.5365794825111013,0.10739384419869302,0.31542172243339583,0.049578905248903536,-0.07346385428759179,-0.06501634377648344,-0.05475923377159187,-0.1333117451425877,-0.047935644257842684,-0.20254033072299826,0.6547520398781086,-0.15134230423377973,-0.08979856328666627,-0.17727195968159692,-0.48708594382929477,-1.6237464415741896,0.3729881900928112,-0.3881718634494872,Solomon Islands
Somalia,-0.019935145577142706,-0.14488973807957034,0.010406821740379456,0.052159292288440545,-0.26347758303157837,0.03575138482977416,0.009407283103602108,-0.0030914605081508936,0.062337000964099464,-0.12445316126001937,0.016951044187756066,0.08335746258278871,-0.04235435500725551,-0.035107373111437606,-0.07525530258856014,-6.082923960835774,-1.2407393189299467,-0.684204038414236,0.024698902542051048,0.09466029210962974,-1.238079056127406,-0.049467874640647516,-0.11742552574119605,0.17235790213331595,0.10728507332338151,0.4068129886004809,Somalia
South Africa,-0.7484012994342256,-0.5789524935528921,1.3013087536005468,-1.718227212319092,-0.35464477400921907,0.34672837314482663,-1.3137108878023496,0.16600968072973118,0.7011866441215951,0.9173357621919379,0.10837816668238703,0.19192183229996698,-0.02178427865614526,-0.03428927232623781,-0.08131468613379719,-0.20263511526507216,-0.08120592871449576,0.11739759396318321,-0.3449488691605118,-0.023049167391781762,-0.06674263482130875,0.11078475114130801,0.09174514551139556,0.15472461753824793,0.09178819758533696,0.13575420191529194,South Africa
South Korea,0.5797064665755,0.4640271987944645,-0.6586254561090177,0.007256427922473086,-0.06389978803290763,-0.5676538890492729,0.44642109394755153,0.1414692078465877,-0.09185835728748054,0.2721099051393331,2.068646111061712,-0.7301522984833267,0.10509354235475077,-0.17867596528000212,-0.38922355755585497,0.35680631958263526,1.0294048757230756,0.423685021951766,0.35457812162468305,0.3234896087804296,0.16291768214320343,2.9344789263192426,-1.2815332523199843,0.19641432512837348,-1.692097592802047,-2.6760094308233042,South Korea
South Sudan,,,,,,,,,,,,,,,,,,,0.060121710880388854,-0.07896751441973668,-0.14438507782178914,0.036728937172744724,-0.04652000432823546,-0.11157488561045976,0.09478155614551963,0.0341515618574052,South Sudan
Spain,-0.3019116155551371,-0.16700101621637614,0.22415448587400594,-7.757663635596472,-0.16294702519582643,-0.4066204846587313,-0.10364150776987562,-0.38634833725446266,1.9091881860783724,-0.6276802825638028,0.21369729397599221,0.1498947532330571,0.15199646504357503,0.04832106467116188,0.2413819483141845,0.30230854264392076,0.09742781411436169,0.5714795535958637,0.502298730374707,0.14297282252046795,-0.5843651768995394,0.14392108256103223,-1.4863450944362548,2.7911092396800785,-0.060468142337639086,0.0,Spain
Sri Lanka,-0.17864092662825515,-0.273768930442319,-0.24416684277518666,-0.11426905373209642,-0.13333856976347983,-0.13830312700115216,-0.09265529425540303,-0.13188439537476337,0.11123489725611108,0.028749068263082458,-0.05705194432799913,0.07755282355818409,0.0514311080596027,0.051831803583881286,0.015340252653655803,-0.0029221976776937723,-0.02909078879262585,-0.029951953222130418,-0.4251507004792952,-0.07632243389769401,-0.10452729671296151,-0.35730626572399654,-0.17144768107346706,-0.20093265444160127,-0.968330713351857,-0.490749481396364,Sri Lanka
Sudan,0.09322506151950205,0.026011612480235046,-0.04611681495507226,-0.02786111154746609,-0.21878283698401366,0.03336101973570632,-0.0479446208528342,0.20160207381323225,0.16817625122793115,-0.11030201946892336,-0.2741852512228219,-0.1368316570992785,-0.07771429259668675,-0.06658542867584422,-0.05798109879814921,-0.03596728164797635,-0.043890262597325015,-0.03504801073134223,0.5258159159664815,-0.10160681571834099,-0.04736182920905071,0.10228490834472838,-5.5641329899489405,-0.0650616101223549,-0.26600738021026255,-0.3185602530668416,Sudan
Suriname,-0.25492655027168803,-1.3597934667239873,0.1885782268742014,-0.3261857803836853,-2.5214518800457446,-0.062182994990796533,-0.25895456548986057,-0.07995603319028315,0.07757038995134882,-0.6182089113833092,0.1094974415902252,-0.04548675963582817,-0.0911542672421788,-0.09259954488235173,-0.0663170681216591,-0.06922858348368141,-0.11535970493810738,-0.06283064873871996,-0.12882434395578607,-0.0927160426528578,-11.14753241308778,-0.08829551533969346,-0.4628064212920368,-1.31482933602851,0.10747699739639412,0.028370572606486393,Suriname
Swaziland,-0.9095884139674748,-0.3827134175431853,2.7600324065859367,-0.7567892608429261,-0.18553286156348717,0.40358217238799204,-0.529513933468449,0.28935445421380296,0.6498854551345445,3.2611683633754773,0.16359693580343926,0.21990463511707664,-0.027645436185841896,-0.05103357895927204,-0.09293536868793548,-0.46355517217957176,-0.3363996155802409,0.3214120226121551,-0.26700889316218174,-0.10063345250392246,-0.3133980132431675,-3.5755964383294634,0.35858549420219876,0.48490800637362197,0.22748816512063522,0.2769130846819006,Swaziland
Sweden,-0.23309798690127415,-0.3219925650111407,0.18679206973703946,-0.7923348487023527,-0.49043907853158303,-0.844364737213237,0.6122380966013645,-1.417459090925199,0.0,-0.6479049474926012,-0.2452814439091097,0.5195942924389217,0.14665141073763038,0.15963911941185968,0.8643002126748623,0.6334485296373119,0.10614652515671805,0.3336570185346708,-0.09651040752769126,0.1597770469877413,-0.2749661029291459,-0.11500870564604293,-0.19797429431864222,0.3504954457543759,0.1152305859939819,0.0,Sweden
Switzerland,0.0,0.0,1.1594015221607605,-0.13802381222558432,-0.041628894059799096,-0.3186397517871175,0.0982240472412596,-0.2561424391651476,-0.3307155220562682,-0.20656408044201302,-4.180595756966725,0.09584246296974981,0.0,0.1991053901365222,0.0,0.3180477704037187,0.13605413708976175,0.09639893728975042,-0.38864006448421784,0.20504054801700167,0.0,-0.0,0.0,0.7374432342010152,-0.0,-0.0,Switzerland
Syria,-0.4692540551524467,-0.3200435900404219,-0.912158099514281,0.09325532706599096,-0.34296635381820684,-0.2486498248917571,-0.5797280436181388,-0.4544261024139417,2.646461659799057,-0.24393880348686683,-0.4236951308190024,-1.1242882966484657,0.3315844871978137,-0.0685617104305105,-0.08404954180200264,-0.08497811881348472,-0.06365808430080674,-0.041867602494997866,-9.956457540243388,-0.30690514302286626,-0.2715000864352489,0.1273717315792979,0.09367073665330367,0.16014314859433357,0.12067855696828467,0.05229558111604813,Syria
Taiwan,-0.010143318466636856,-0.006317506635090916,-0.02565362853769758,-0.12631237904866746,-0.07842363236698023,1.3172894190193398,-0.38730732785549754,0.1262877466683046,-0.539208966768135,-0.528154556958371,0.4565746649595787,-2.030426766711204,-1.7920209536413108,-0.4619965418365516,-0.5822106192913128,-1.5241785517204784,-1.0103188614505814,-2.7458650485357334,-0.1657404456319822,0.07631392950420701,0.11967704391767396,0.5927954547305266,0.3455275317256301,0.23718859861511163,-0.6886330913854738,0.7996505972121212,Taiwan
Tajikistan,0.3962875243470853,0.08871728831854682,0.16542386751122887,0.1259169331140346,0.22476619825093413,0.16784702980881427,0.23120796232072066,-0.07819753753218597,0.1804099983261344,0.16123189386876505,-0.13691296140418274,-0.25347801016760085,-0.09099006342305278,-0.05195382648490728,-0.10657664336848365,-0.0185465257853962,0.000995812226707474,0.00558875172817658,-0.04640961200888847,0.013143703990774833,-0.006553946677727801,-0.02380455617703786,-0.06448149787397092,-0.1428869351295232,0.06499257320181596,0.09488163386065518,Tajikistan
Tanzania,-0.11230774724031811,0.07789889275748656,0.09482545611266059,24.394425749421256,-0.08065204234162135,-0.04583718389550185,-0.056040816883198626,-0.09220574893746072,-2.471165688132063,-0.15501652268475408,0.3641244622666714,-0.12152264152881227,-0.025089860633160627,-0.020361199036613372,-0.03196090127997755,-0.055859818397829025,-0.04663413278223765,-0.031582217520071655,-0.6924346277739085,-0.19673312093905937,-0.2627778518307578,-0.11034847974641648,-0.10961382159848071,-0.2101177370889199,0.1642028409123541,-0.6330394397910825,Tanzania
Thailand,-0.20944159563853496,-0.1944719019745518,-0.22324278755783125,-0.18019902550027483,-0.161518107079082,-0.3398609929988852,0.12179596119491498,0.08684428479540596,-0.2091722024755989,1.5884607077017319,0.31488785969768895,-0.14213714716383302,-0.10360315333961945,-0.07370550033383581,-0.08636329303922463,-0.027172087751532303,-0.014307703295772873,-0.025100583554093704,0.03384487112310902,-0.012585306309721895,-0.03946112466279005,-0.07732926692188276,-0.12416827192902712,0.22444985629368305,0.49278625900808837,-0.45013929923231843,Thailand
Timor-Leste,0.2026960278354532,0.14248398881783467,0.32718573022182595,0.4183865740414672,0.3984756833185101,0.2495786665202655,-0.4052372618914499,0.16815356699025827,-0.04247986854636283,0.029918620712517094,-0.01807955010544854,0.21220826390480582,-0.28041524628814807,-0.012909961599839365,-0.02057984613577625,-0.032523490984885696,-0.24621510010014025,-0.03451984464930057,0.06520046755808342,-0.08493408074407612,-0.050973153179979525,-0.13401502945522023,0.12291881713186692,0.07036008719187702,0.08334953774584083,0.09949214137069223,Timor-Leste
Togo,0.5568368056781965,-0.7267708497880014,0.0758751494389817,0.0761554472992932,-0.059372290563954336,-0.2485749877597657,1.0790788161807658,0.14571847666189142,0.3661694518979775,0.052818176240863865,0.26658148613460364,-0.0699913762653066,-0.039079711057307474,-0.2130482183169661,0.6375089982751602,-3.3965557376802895,-0.11327727683587208,-0.058815781953197394,1.239569026919647,1.5036422425261042,-0.14524131781795663,0.5988014280290697,-0.173928224199465,-0.4943831354079868,0.13830638270122053,-0.3134840857954738,Togo
Tonga,-0.034056525692427814,0.43119508471007545,0.5396844043087331,-0.4969990987665946,-0.2812024084909016,-0.15594814549126504,0.3117680917785958,0.08054866402636723,-0.2588559313540504,0.13050897744853215,0.026779959270187118,-0.04342067357809391,-0.033020065383190356,-0.04237274721755706,-0.08630607415036959,-0.09071846112209099,-0.2987487786585744,-0.10274951434789605,0.23975220381534637,-0.08690266832959186,-0.061433081354561506,-0.2687963124820528,0.2581081122843092,-0.4273855395257269,0.11259245939109613,-0.23379789025674216,Tonga
Trinidad and Tobago,-1.1460841578938208,-2.496100188072447,0.27449750166574416,-0.5631773482949503,-0.5291158863964349,-0.42554728169271905,4.986387479420553,-0.44023474075696717,-0.1292000302318459,-0.05511284690835363,-0.06548130516759962,0.0,0.011523187713894519,0.030502003545735734,0.031674387146126165,0.043185612355812995,0.03249548344894369,0.017836442756486357,-0.00881317301897443,0.007518232585361382,-0.0077597598124453816,-0.8809606558486475,-0.09724096892243983,-0.9728699700428841,0.06905294564730435,0.06863449445090654,Trinidad and Tobago
Tunisia,-1.7305057196949092,-0.35233511754942837,0.7507730876367851,-1.1086843198389225,-0.38475126828726813,-0.6661529046048907,0.8820900643184644,-1.0113919105543923,-0.8436220931810836,0.40836308715165737,-1.3544818220939878,-0.49620968678260435,-0.08260168235302967,-0.07413075183923865,-0.11447860415439978,0.07259563034439936,0.09548401487549385,0.12306846405870353,-0.4927461389501569,6.577387082935858,0.6296458846590112,-0.5229328667818317,0.45478760344681407,0.06863684098699552,0.047758700319286924,0.23354549130297497,Tunisia
Turkey,2.038009753723991,-0.7244268099591056,-0.20263628800439254,0.07160248766635159,-0.06977259982940173,-0.3309777139220628,-0.5932188934460172,-0.48928681752898306,0.22681346183213946,-0.409298972984578,0.07492653272332876,-0.12014526725630348,-0.06771972700367195,-0.06521219443651559,-0.07199358779954015,-0.15961907586834811,-0.05776534047097362,-0.08447716886690863,0.05455639805685324,-0.043314630937409566,-0.11935429344996788,-0.21389656586942535,-0.10853801896906323,0.2520960024698763,0.09079777773263127,0.7781954280172886,Turkey
Turkmenistan,0.6820411210774296,0.23080228014345805,-4.123330686518097,0.27722457755291624,0.7164362506648236,-0.8106187125895323,-0.4658004811656942,-0.8387513989422749,-0.11002132334411825,-0.10282275573347027,-0.053882163410176695,-0.05244240668610673,-0.04124343819505516,-0.14863551324162527,-0.04158498060407892,-0.0028968300765842255,0.05668242706336113,0.09705740700883654,-0.2665369730905842,0.23164756999512917,0.07635808506864916,0.08384376787664283,0.07951007400300221,-0.007506068720914062,0.045368010139947686,1.0529725557187612,Turkmenistan
Turks and Caicos Islands,,,,,,,,,,,,,,,,,,,,,,,,,,,Turks and Caicos Islands
Tuvalu,,,,,,,,,,,,,,,,,,,,,,,,,,,Tuvalu
Uganda,0.005865005991985726,-0.04005591589189276,-4.635705274904836,-0.004872271235935079,-0.02218610121690121,0.20754760952257856,-0.08396793909620029,0.06440469954529165,0.0628564237633753,0.07314393401747322,-0.7780558569070234,-0.37764073531411335,-0.3472583578633594,-0.05894640433989148,-0.06874133096939868,-0.18421868676452283,-0.0663352169015684,-0.07909328193979034,-0.9875879701393928,-32.88238396350513,-0.2697266968943877,-0.15325612144758946,-0.8666085456660695,-0.3435912741810404,0.12469022640550066,0.6844031368460736,Uganda
Ukraine,0.68661134649009,0.7146842753523365,0.5517157541564955,0.2829404862548341,0.5026998573472654,0.5956794805884772,-0.3465083364655032,0.31499849321904905,0.2981618623958333,10.114075877544249,-0.10004370752656228,0.29511944268980744,0.21154109254393652,0.12979917481251624,-0.012186462161499826,0.3059298053414341,0.07945514938312404,0.3106666331956091,-0.02929519924110235,-0.16513318741296426,0.054318837355682256,0.607113114146915,-0.34984445977505635,0.019756896566582426,-0.016939975720568982,-0.8763259791912981,Ukraine
United Arab Emirates,1.1201493880891982,6.930787153117269,1.6977339445224442,-5.564936982312753,-1.0398633842225564,-0.8450407929787837,-2.840226874947121,0.571935690692437,-0.8186269315154677,-0.2645764413754667,0.7013731476876621,-4.481625675541401,-0.6596225867521799,-0.4667085235427703,-0.46580789873737904,-0.5615626962483429,14.046765837669849,-0.43420003539195356,0.08236033985719292,-0.41111066753629266,-0.0957800984441969,-0.250915447590006,-0.29786935739590176,-0.3165198695048297,0.08680197427286906,0.714063932233483,United Arab Emirates
United Kingdom,-0.12865514533682545,-0.5579873706172592,0.16322146788159236,-0.15911930425925744,-0.0996630481921763,0.22614600220972023,-0.059136453574611274,-0.10612663084735975,-1.0920351639406152,1.3085494476256085,0.44019635508857996,0.0,0.29406330940426767,0.1718716860778846,0.13256899474264655,0.57190910742313,0.16788936657024894,-0.39571903147269205,0.056862749669610455,0.9617963060654524,-0.08021487078679532,0.568858360099435,-2.0626800937273915,-0.11837452384144498,0.10945514814040007,-0.0,United Kingdom
United States,-0.38848051170292847,-0.16421380024013663,-0.3115522427494807,-0.17298128081267863,-0.3188878584425986,-0.022856733748590426,-0.051355883703849976,0.3282171100421095,0.08540238473555309,0.4592966404433801,-0.57339817447688,-0.20606586447539932,0.3466782454920013,0.03446963107288775,0.04636150102878131,0.49751949613054514,0.15719964985938772,-2.693517658060357,1.2519992914141567,-1.2439401523976532,-0.6711963415782698,-0.2177142844090541,-0.42802824650900045,0.07318024627513749,-0.31243099882831876,-1.1736699055093915,United States
Uruguay,-0.022681177593820136,-0.02778647271187584,-0.06419611609697431,-0.07787498935134313,-0.1490881090130598,-0.27756006591564963,-0.3012956807768885,-0.2708508771155861,0.20319449580541482,0.2046445357859111,0.1038472559187262,0.021919236352714044,0.06360554233642528,-0.05003305218179763,-0.02741070237205885,-0.05863584648800508,-0.03862483418710149,-0.0256134548231097,-0.1910352138397116,-0.028432315104993888,-0.03856499117839326,-0.11071846242640097,-0.061663343059360526,0.8248255959295413,0.08212492320432553,0.4119364206124091,Uruguay
Uzbekistan,6.543374328483762,0.41245150379960993,2.3082858513354867,1.3232379515476498,-1.983029041892453,-4.7210631060580335,-0.769705739018738,1.71279769280903,-0.27633725851964996,0.2497649677822802,0.13732193751347235,0.5413267842471117,-4.00155436321792,0.2424717283983584,-0.23191799232281202,0.06682864942551987,0.2564077249872363,0.10619458023851111,-0.32826583833706957,-0.497697140295133,-0.23602799785842507,-0.1771079364831949,1.1809447725435753,0.48954288448618793,0.27500771832573934,0.8445439993387128,Uzbekistan
Vanuatu,-0.05129785295373438,-0.5747003795609016,-119.59285881487996,-0.12075353254723434,-0.08844376050768578,-0.6319273235113823,1.164419074967148,0.14874756121760374,-12.560537700118644,1.0126745072346421,0.3854391009838296,-2.2177718539424136,-0.15919231399835593,-0.19897844743513446,-0.4520463666226609,-0.2746164304559689,-0.12651782251833654,-0.1507891923250938,0.8037215752764755,-0.11770184670672723,-0.11966666581774899,0.2658861328863307,3.724630809011217,0.8981227782512076,0.11598385118160623,-0.3561107768293973,Vanuatu
Venezuela,-0.30162503076720576,-0.22224609306147655,0.8232796330004006,0.4583512704588415,-0.0694346896479476,0.18162814405641922,-0.09439595412159246,-0.40447187185514333,-0.31441412941199043,-0.09060821480317861,-0.5101008028859098,0.055822655497905736,0.11989039029886882,-0.04257062052475187,-0.0481917765475404,-0.05359380714396738,-0.05360498732721672,-0.035456182027208634,-0.40789395166991943,-0.06395758578400512,0.0545635752049616,-0.05961554643009056,0.2641617624578789,-0.03620174482536461,,,Venezuela
Vietnam,-0.08546507857141551,-8.34861280031265,-0.16937824390203612,-0.2812524106587012,-0.25982242762381663,-0.39862972432915034,-0.9128227977709573,-70.17609852079568,-1.2617662285294446,-0.5479825551944288,-0.7386076423781871,-0.2790152302750103,-0.08422699183320748,-0.026679193920062315,0.0,0.02622327734231543,0.0338450018133048,0.023406030222913304,0.11453380344933514,0.062486680383622546,0.02287662009483857,0.014872673124110657,0.011702364221015813,0.006707143068397271,-0.037777419139558746,-0.039767848452354156,Vietnam
Yemen,1.3260446029129023,-1.1699787698774478,-2.2173087060194288,6.322342598970202,-0.2442157455295529,-0.19874151983767535,-1.000644044768756,0.36655368249602305,-0.20076434919568917,-0.14371811363850126,-5.5848774577160825,-0.4906031485705938,-0.39269191056103747,-0.2567206271941898,-0.1699596356898447,-0.19278467684928796,-0.33632596334240566,-0.19285221043740272,0.31366703826941544,-0.47195823603026055,1.1669387309122237,-6.2954038418090725,-0.46670889581615815,0.3746216145738796,0.1208086740111539,0.2800778297086245,Yemen
Zambia,0.06780144945561979,0.19446427023126572,0.2392890424989573,-0.0829511915895821,-0.44666648318790014,0.07298660789833014,-0.031684224104203254,0.022836842657390756,0.07210835785439257,-0.16092827070713914,-0.050730842399572644,3.661491492537958,-0.057815763998371336,-0.03997444066687561,-0.036401638108735083,-0.02564992477016209,-0.1895089655549208,-0.05984092404187891,0.0888734947050546,-0.05204436066399678,-0.08490868850911246,0.8780427830070422,-0.367713143011784,0.4835219657577125,0.05097048698939408,6.0619324424501375,Zambia
Zimbabwe,0.3813837441489206,0.167699906312732,0.6773683332167912,-0.8137263083326942,-1.0863839005307814,-0.11753000235923569,-1.112556932840199,0.058045111661748784,0.25931526441001,0.1889309974477755,0.7701942037949108,0.09731456858725383,0.05059347498214067,0.027468977334223505,-0.0071326293919793905,-0.058246289200374,-0.1196031265397219,-0.033568653074627974,0.004936257590658335,0.004339860128739563,-0.014580858350190493,-0.029618321890223762,-0.101864053998506,-3.9845577886982664,-2.420946483541572,-1.4668139192472032,Zimbabwe
