Country,1990,1991,1992,1993,1994,1995,1996,1997,1998,1999,2000,2001,2002,2003,2004,2005,2006,2007,2008,2009,2010,2011,2012,2013,2014,2015,2016
Afghanistan,3621600882.0,3340099754.0,3474599287.0,2664399655.0,2114600124.0,3236300894.0,3124360571.0,3016290743.0,2911960807.0,2719992579.0,3531870031.0,3620525920.0,4285170976.0,4935549827.0,5586985226.0,6621833053.0,7514264232.0,10380167535.0,10768482512.0,12572595013.0,16077923242.0,19170466386.0,21330876011.0,21610367230.0,21330667120.0,20608090681.0,20235067769.0
Albania,2145772562.0,1597157823.0,1516149647.0,1700438277.0,1880950223.0,2392754895.0,3199640991.0,2224650653.0,2554882800.0,3221673260.0,3487589646.0,3926883832.0,4355860315.0,5561448759.0,7177032676.0,8052079314.0,8896076004.0,10677304624.0,12881373508.0,12044194186.0,11926972559.0,12890912939.0,12319758466.0,12776271938.0,13228249213.0,11386968186.0,11861311248.0
Algeria,61751383149.0,46564983797.0,49105560862.0,50846934023.0,42330715648.0,41971492798.0,46836306502.0,48068458644.0,48079001605.0,48531031757.0,54666902140.0,55056731307.0,56819212675.0,67863855833.0,85332491715.0,103000000000.0,117000000000.0,135000000000.0,171000000000.0,137000000000.0,161000000000.0,200000000000.0,209000000000.0,210000000000.0,214000000000.0,166000000000.0,160000000000.0
Angola,13661851197.0,16182941506.0,18586035688.0,13468128705.0,13860721983.0,6642228785.0,8725775660.0,10226792032.0,8617787233.0,8227191128.0,12207357551.0,11948601236.0,15285593360.0,17812702660.0,23552037061.0,36970881884.0,52381035503.0,65266406341.0,88538673050.0,70307174484.0,83799482518.0,112000000000.0,128000000000.0,137000000000.0,146000000000.0,116000000000.0,101000000000.0
Antigua and Barbuda,459507111.5,481676999.9,499188550.1,535174074.1,589403317.4,577298294.7,633756722.5,680646994.7,727809558.4,766200000.0,826272531.3,800481481.5,814412685.8,856515090.2,919855563.5,1022925292.0,1157816937.0,1312806129.0,1370022240.0,1228287149.0,1148726099.0,1137598798.0,1199921603.0,1181370690.0,1249733333.0,1336764023.0,1436478802.0
Argentina,153000000000.0,206000000000.0,248000000000.0,257000000000.0,279000000000.0,280000000000.0,295000000000.0,318000000000.0,324000000000.0,307000000000.0,308000000000.0,291000000000.0,111000000000.0,140000000000.0,166000000000.0,201000000000.0,234000000000.0,290000000000.0,366000000000.0,336000000000.0,426000000000.0,530000000000.0,581000000000.0,613000000000.0,567000000000.0,645000000000.0,558000000000.0
Armenia,2301742682.0,2101675098.0,1251991792.0,1168730527.0,1257274951.0,1372097460.0,1703033305.0,1747510530.0,2017855482.0,1968056560.0,2038538787.0,2259107468.0,2534161640.0,2993556345.0,3814170338.0,5225959579.0,6808510909.0,9817796769.0,12436651353.0,9222363133.0,9875360618.0,10815770091.0,10619339102.0,11121483621.0,11609489324.0,10553359172.0,10546150608.0
Australia,324000000000.0,330000000000.0,326000000000.0,317000000000.0,363000000000.0,391000000000.0,435000000000.0,436000000000.0,390000000000.0,427000000000.0,409000000000.0,390000000000.0,435000000000.0,558000000000.0,678000000000.0,761000000000.0,818000000000.0,985000000000.0,1060000000000.0,1010000000000.0,1300000000000.0,1550000000000.0,1590000000000.0,1540000000000.0,1460000000000.0,1250000000000.0,1310000000000.0
Austria,166000000000.0,174000000000.0,195000000000.0,190000000000.0,204000000000.0,241000000000.0,237000000000.0,213000000000.0,218000000000.0,217000000000.0,197000000000.0,197000000000.0,213000000000.0,262000000000.0,301000000000.0,316000000000.0,336000000000.0,389000000000.0,430000000000.0,400000000000.0,392000000000.0,431000000000.0,409000000000.0,430000000000.0,442000000000.0,382000000000.0,395000000000.0
Azerbaijan,6518066700.0,6691322394.0,5297110816.0,4169972437.0,3421909492.0,3080797928.0,3176556512.0,3962337296.0,4446395105.0,4581222442.0,5272618494.0,5707616158.0,6236048538.0,7276413079.0,8680401938.0,13245429637.0,20981946516.0,33049404087.0,48851296676.0,44292384001.0,52906022308.0,65952778371.0,69679853342.0,74160545107.0,75239689997.0,53076222692.0,37866999244.0
Bahamas,4767616115.0,4685379596.0,4682367199.0,4656256322.0,4907606371.0,5164516253.0,5862555249.0,6332510183.0,6833270543.0,7683926130.0,8076337414.0,8317800000.0,8881113399.0,8869930036.0,9055271604.0,9835866938.0,10167269286.0,10618237056.0,10525969373.0,9981885791.0,10095629339.0,10070540031.0,10720411543.0,10562498624.0,10913064440.0,11752111564.0,11938178878.0
Bahrain,4909090689.0,5197577969.0,5432168748.0,5946514481.0,6410188625.0,6786980652.0,7058982169.0,7315377028.0,6997838830.0,7582435317.0,9062893305.0,8976272105.0,9593430808.0,11074822141.0,13150198571.0,15968601091.0,18504855144.0,21730117316.0,25710966673.0,22938200982.0,25713354165.0,28776654489.0,30749285226.0,32539582242.0,33387636191.0,31125843250.0,32267883259.0
Bangladesh,28136571663.0,30066721830.0,30690546101.0,31685289857.0,33674743746.0,37866030729.0,39795981010.0,41169355155.0,42676521439.0,44758116878.0,45469588913.0,45432925632.0,47194752184.0,51690435441.0,55949961241.0,57628097481.0,69971613427.0,79825875440.0,91646938196.0,102000000000.0,115000000000.0,124000000000.0,129000000000.0,154000000000.0,173000000000.0,194000000000.0,220000000000.0
Barbados,2054676817.0,2038295097.0,1970058278.0,2077886579.0,2184662326.0,2297053607.0,2449263346.0,2588798109.0,2919021235.0,3058845143.0,3152059435.0,3147139022.0,3200654074.0,3306983557.0,3548794820.0,3935469756.0,4217419601.0,4674016771.0,4784950000.0,4465697658.0,4529928302.0,4657699462.0,4610047245.0,4677215385.0,4696327863.0,4715053185.0,4830041153.0
Belarus,19480347602.0,19860035858.0,18353689228.0,17367970897.0,15666296346.0,14323699154.0,14990949254.0,14574577716.0,15737045336.0,12549071040.0,10770190328.0,12772733828.0,15088632608.0,18428403815.0,23924369680.0,31231967298.0,38212096255.0,46807238806.0,62807178042.0,50873227916.0,57231918036.0,61762316312.0,65685901753.0,75527502378.0,78813109027.0,56454783241.0,47723524057.0
Belgium,205000000000.0,211000000000.0,235000000000.0,225000000000.0,245000000000.0,288000000000.0,279000000000.0,253000000000.0,259000000000.0,258000000000.0,236000000000.0,237000000000.0,257000000000.0,317000000000.0,369000000000.0,386000000000.0,408000000000.0,470000000000.0,515000000000.0,481000000000.0,481000000000.0,523000000000.0,496000000000.0,522000000000.0,535000000000.0,462000000000.0,476000000000.0
Belize,448979231.7,479114376.3,518239092.0,559866737.4,580860824.4,620137389.6,641371817.2,654299589.3,689004427.3,732704759.2,832055642.4,868355400.5,925094946.7,983525063.8,1051413289.0,1102033846.0,1210192539.0,1271625447.0,1351336299.0,1317311309.0,1377183408.0,1460795789.0,1522904296.0,1579376967.0,1662802599.0,1723751925.0,1775095360.0
Benin,1992945917.0,2019865503.0,2283485033.0,2312834771.0,1624967615.0,2344816640.0,2551696173.0,2451386169.0,2653255921.0,2689781271.0,2569194696.0,2680244752.0,3054602273.0,3905302953.0,4521331391.0,4803670894.0,5142316983.0,5969433077.0,7132854643.0,7097236703.0,6970250937.0,7814111059.0,8117081029.0,9110748135.0,9575259954.0,8454197031.0,8579068573.0
Bhutan,273598495.5,233145213.4,234707194.9,220855205.6,259556847.1,289140041.5,305644026.4,356325131.5,360374105.9,401812669.0,439137348.6,476399264.7,537052709.7,621983244.1,702730206.1,818875921.3,897723166.6,1196085444.0,1258335818.0,1264761254.0,1585461953.0,1820206468.0,1823692730.0,1798326334.0,1958813167.0,2059833928.0,2219673501.0
Bolivia,4867583881.0,5343262434.0,5643867693.0,5734706239.0,5981149294.0,6715147012.0,7396948369.0,7925736316.0,8497494131.0,8285063968.0,8397855942.0,8141517335.0,7905485150.0,8082399992.0,8773156956.0,9549120156.0,11451845965.0,13120084507.0,16674309556.0,17340028490.0,19649786223.0,23963162972.0,27084497483.0,30659335972.0,32996188013.0,33000198248.0,33941096779.0
Bosnia and Herzegovina,7754757745.0,6115683538.0,4734632240.0,3630673741.0,2818242337.0,2033745604.0,2825215781.0,3879200611.0,4336295812.0,4804203558.0,5693132324.0,5945597492.0,6896389893.0,8712814344.0,10410125222.0,11222799184.0,12864835433.0,15778758105.0,19112750320.0,17613979145.0,17176348615.0,18644228836.0,17226736264.0,18179063622.0,18558736800.0,16211623095.0,16912942682.0
Botswana,3721284135.0,3867406992.0,4069143639.0,4082613650.0,4259264751.0,4730596471.0,4847738374.0,5020261909.0,4790490629.0,5484249427.0,5788308123.0,5489636835.0,5438835442.0,7511479837.0,8957541980.0,9931243662.0,10127006873.0,10939019695.0,10945122570.0,10267068267.0,12786618759.0,15351935620.0,14420224148.0,14901720209.0,16250748174.0,14420571192.0,15646367681.0
Brazil,407000000000.0,379000000000.0,363000000000.0,407000000000.0,580000000000.0,778000000000.0,850000000000.0,882000000000.0,854000000000.0,594000000000.0,652000000000.0,561000000000.0,512000000000.0,559000000000.0,669000000000.0,892000000000.0,1110000000000.0,1400000000000.0,1700000000000.0,1670000000000.0,2210000000000.0,2620000000000.0,2470000000000.0,2470000000000.0,2460000000000.0,1800000000000.0,1800000000000.0
Brunei,3900702409.0,4101104064.0,4636736503.0,4549431934.0,4529039210.0,5245421237.0,5668184453.0,5758127022.0,4487538132.0,5096498703.0,6649709092.0,6206200903.0,6474732994.0,7265920303.0,8722767582.0,10561292509.0,12709854523.0,13570654027.0,15948702092.0,11892307477.0,13707116269.0,18524790774.0,19048443088.0,18094152875.0,17097795711.0,12930298314.0,11400266878.0
Bulgaria,20726046151.0,8402105550.0,9475818032.0,11930912799.0,10691885558.0,18991867154.0,12294768638.0,11316138044.0,15031028767.0,13637088333.0,13245989757.0,14183443989.0,16403044328.0,21144939453.0,26157739902.0,29868633894.0,34380556801.0,44403572391.0,54438234742.0,51999427155.0,50363577745.0,57365312542.0,54012052717.0,55592628960.0,56883849689.0,50630681923.0,53783762743.0
Burkina Faso,3524058875.0,3562226789.0,3814198238.0,3635621466.0,2153638075.0,2703731709.0,2938969070.0,2781169473.0,3187074344.0,3388341752.0,2961056021.0,3187554772.0,3605368604.0,4730211919.0,5441953836.0,6143880443.0,6541526021.0,7615595700.0,9413243698.0,9412810340.0,10099798414.0,12064440607.0,12561721331.0,13440413388.0,13924537615.0,11823183216.0,12822519656.0
Burundi,1148320305.0,1167400529.0,1086803942.0,974858064.2,1068820512.0,1000430585.0,868960704.0,972854233.8,893695096.0,808150970.6,709113236.7,662345849.9,628102024.6,595481935.6,679885071.5,1117108623.0,1273375246.0,1356200532.0,1611837097.0,1775495992.0,2032138566.0,2235809707.0,2327402676.0,2451628107.0,2705829785.0,2810532746.0,2930091321.0
Cambodia,1697719548.0,2248213235.0,2393655938.0,2433854988.0,2676189498.0,3309358175.0,3506718764.0,3443469997.0,3130079062.0,3512779768.0,3666638170.0,3991796012.0,4289399777.0,4664902232.0,5337892274.0,6293048733.0,7274499760.0,8639234979.0,10351918526.0,10401844835.0,11242273320.0,12829541170.0,14054450781.0,15268704902.0,16702616284.0,18049952743.0,20016753692.0
Cameroon,12814209727.0,12311513100.0,12548713743.0,13269957777.0,7695535477.0,9641304708.0,10327635587.0,9868794153.0,10631318098.0,10841528562.0,10046703216.0,10420713434.0,11769312477.0,14735457007.0,17065151810.0,17944080720.0,19356049159.0,22365267032.0,26409794810.0,26017930005.0,26143746334.0,29336928919.0,29104430183.0,32348196769.0,34942917203.0,30905294141.0,32643629914.0
Canada,596000000000.0,613000000000.0,594000000000.0,579000000000.0,580000000000.0,606000000000.0,631000000000.0,655000000000.0,634000000000.0,678000000000.0,745000000000.0,739000000000.0,761000000000.0,896000000000.0,1030000000000.0,1170000000000.0,1320000000000.0,1470000000000.0,1550000000000.0,1370000000000.0,1620000000000.0,1790000000000.0,1830000000000.0,1850000000000.0,1800000000000.0,1560000000000.0,1530000000000.0
Cape Verde,350332099.3,365188372.3,407654368.1,411174923.3,465192180.3,557953517.0,574164876.8,561064843.2,597834851.4,678758984.1,613244426.4,640308144.8,706213173.5,925693193.0,1051195104.0,1105394035.0,1259964147.0,1513937453.0,1789327998.0,1711815540.0,1664310632.0,1864822403.0,1751887839.0,1850952140.0,1858117905.0,1596154125.0,1663011131.0
Central African Republic,1507404494.0,1441131985.0,1477274511.0,1337974964.0,890575360.3,1167022676.0,1054441911.0,981147940.7,1012113962.0,1045744239.0,956830517.5,974966866.5,1037278986.0,1192514679.0,1328874291.0,1412805003.0,1537505026.0,1754926126.0,2033154848.0,2029423228.0,2033812521.0,2265952541.0,2236747473.0,1565488875.0,1755516840.0,1632136477.0,1811176702.0
Chad,1833674976.0,1820029492.0,1896092767.0,1654086370.0,1341885680.0,1643279935.0,1837278758.0,1754816016.0,1999335634.0,1738898463.0,1575765966.0,1944724409.0,2260466569.0,3096885404.0,5021653228.0,6680610006.0,7453132471.0,8397416116.0,10367811359.0,9424517743.0,10970626244.0,12955772652.0,14003837169.0,13807443695.0,14499375190.0,11690456723.0,10392456632.0
Chile,34918269959.0,39901837162.0,48229519317.0,51214354014.0,58636601960.0,75099063287.0,78959949109.0,86298857259.0,82716155959.0,76069319009.0,78363136969.0,71455602529.0,70098027629.0,76084220201.0,99259640125.0,123000000000.0,155000000000.0,174000000000.0,180000000000.0,172000000000.0,219000000000.0,252000000000.0,267000000000.0,278000000000.0,261000000000.0,244000000000.0,250000000000.0
China,395000000000.0,413000000000.0,493000000000.0,619000000000.0,564000000000.0,734000000000.0,864000000000.0,962000000000.0,1030000000000.0,1090000000000.0,1210000000000.0,1340000000000.0,1470000000000.0,1660000000000.0,1960000000000.0,2290000000000.0,2750000000000.0,3550000000000.0,4590000000000.0,5100000000000.0,6090000000000.0,7550000000000.0,8530000000000.0,9570000000000.0,10400000000000.0,11000000000000.0,11100000000000.0
Colombia,56386824895.0,57739746670.0,61800134580.0,71530110308.0,94407944181.0,109000000000.0,115000000000.0,126000000000.0,116000000000.0,102000000000.0,98931761983.0,97283454060.0,97037089988.0,93746862186.0,116000000000.0,145000000000.0,161000000000.0,206000000000.0,242000000000.0,232000000000.0,286000000000.0,334000000000.0,371000000000.0,382000000000.0,381000000000.0,293000000000.0,283000000000.0
Comoros,510767167.2,514319450.8,554683241.0,549205154.9,387083653.2,483213730.7,480293520.8,441916267.2,448827660.1,463803850.5,421943209.3,455580479.0,510726034.4,657330233.8,762024197.7,787335570.1,836188138.0,794626697.5,911964620.0,901710108.0,907099216.0,1021761149.0,1015892077.0,1115914322.0,1148057907.0,988164675.3,1011877232.0
Congo,3072962421.0,3147976969.0,3059881235.0,2800250047.0,1853175951.0,2207376467.0,2650418774.0,2423025021.0,2008030077.0,2455558929.0,3358967683.0,2914923249.0,3150397471.0,3646825446.0,4849373392.0,6349779926.0,8065138687.0,8771111395.0,11602897087.0,9495450889.0,13678034314.0,16443650513.0,17693915483.0,17805156699.0,18906623351.0,11091530092.0,10011786874.0
Costa Rica,7260603096.0,7168853685.0,8528604282.0,9537299960.0,10432606459.0,11507087701.0,11619448885.0,12552216526.0,13615353336.0,14195382750.0,14949664868.0,15913323117.0,16504896961.0,17195913957.0,18528748361.0,19952164068.0,22600477899.0,26743862568.0,30612918376.0,30562356669.0,37268578243.0,42262694504.0,46473161538.0,49745126831.0,50577706529.0,54776008855.0,57157890875.0
Cote d'Ivoire,11892834267.0,11531089450.0,12032862336.0,11152603588.0,8314050721.0,11104913313.0,12139146708.0,11722143261.0,12640877308.0,12561330037.0,10681535710.0,11192563448.0,12346980846.0,15306598754.0,16554517272.0,17084927540.0,17800887469.0,20341870862.0,24224905504.0,24277494337.0,24884503951.0,25669753852.0,26787285216.0,31271296916.0,35316493014.0,33119363299.0,35320956245.0
Croatia,16632189425.0,13568539217.0,12252234380.0,12988506121.0,17375902276.0,22417631201.0,23710453762.0,23854890205.0,25467097573.0,23400388738.0,21669247338.0,23179670494.0,26815798092.0,34686822754.0,41594096166.0,45386551200.0,50437737926.0,60171367223.0,70259900043.0,62599144330.0,59807817157.0,62354574724.0,56494398941.0,58057078239.0,57643302618.0,49530625299.0,51597108133.0
Cuba,28645090341.0,24317573785.0,22085591300.0,22366999068.0,28447983027.0,30428127164.0,25016981705.0,25364495384.0,25736732641.0,28364907677.0,30565780770.0,31682325540.0,33590538990.0,35901106394.0,38203413583.0,42643615147.0,52742667215.0,58603773956.0,60806321645.0,62080011059.0,64328005730.0,69511335013.0,73141051979.0,77147993162.0,80656035667.0,87205640591.0,91370032243.0
Cyprus,8280704891.0,8504291660.0,10151206770.0,9661956722.0,10893490917.0,13057686049.0,13235775171.0,12677131773.0,13706098155.0,14152792386.0,13549381545.0,14227071222.0,15672318684.0,20109926612.0,24020665482.0,26011477678.0,28408854914.0,33350652491.0,38286122385.0,35256695404.0,34483417580.0,36392202060.0,32816936705.0,31707954802.0,31218579047.0,27078131841.0,28686244204.0
Czech Republic,40559739237.0,29554981891.0,34563824921.0,40485222700.0,47430814892.0,59629742998.0,66799005201.0,61617977447.0,66335074683.0,64761715003.0,61577284468.0,67268030754.0,81502877975.0,99174820189.0,119000000000.0,135000000000.0,154000000000.0,187000000000.0,234000000000.0,205000000000.0,206000000000.0,226000000000.0,206000000000.0,208000000000.0,206000000000.0,186000000000.0,194000000000.0
Democratic Republic of the Congo,14828706828.0,14188129125.0,13009464119.0,16975079012.0,9205583251.0,8946579641.0,9155409422.0,9419104879.0,9853196860.0,8765570000.0,8342257459.0,8346164838.0,8728022948.0,8937649203.0,10297492947.0,11964556346.0,14451862256.0,16737111572.0,19788571874.0,18648386888.0,21565746173.0,25839721690.0,29306270490.0,32671705612.0,35909052441.0,37917672470.0,40337512405.0
Denmark,138000000000.0,139000000000.0,153000000000.0,143000000000.0,156000000000.0,185000000000.0,188000000000.0,174000000000.0,177000000000.0,178000000000.0,164000000000.0,165000000000.0,179000000000.0,218000000000.0,251000000000.0,264000000000.0,283000000000.0,319000000000.0,353000000000.0,321000000000.0,322000000000.0,344000000000.0,327000000000.0,344000000000.0,353000000000.0,303000000000.0,313000000000.0
Djibouti,456910057.3,466272772.8,481588238.7,482170632.2,510875519.7,509628963.2,496467016.2,491151521.7,497752994.9,525071290.4,546364321.9,569564517.7,590026649.3,623229426.6,663909331.6,708627766.3,768634278.9,847924192.7,976207862.7,1093906652.0,1243645784.0,1453789346.0,1705187933.0,2042824101.0,2216229987.0,2445497961.0,2618601849.0
Dominica,198202891.3,210181806.9,227262445.6,237474592.9,255346726.8,259740446.0,279972821.2,290371677.5,307466085.9,317244351.9,321362592.6,328127467.1,323614271.3,337264066.5,374789586.5,370367587.4,397788888.9,428715814.8,469068800.7,498908503.8,493818958.7,501371718.7,485280322.5,509280772.4,523377505.8,540768847.7,575470370.4
Dominican Republic,9522414423.0,9867170928.0,11443284710.0,12984344334.0,14097479998.0,15747387806.0,17078586968.0,19653241406.0,20872309714.0,21862315541.0,23959938066.0,25208154205.0,25654735338.0,20389120903.0,22233034287.0,35510420995.0,37932599060.0,43780673084.0,47657848327.0,48071063081.0,53159547667.0,57811290166.0,60657847548.0,62661670356.0,66065065489.0,68802062093.0,72342978793.0
Ecuador,15231968534.0,16980042621.0,18085194375.0,18929237639.0,22697314950.0,24420670132.0,25213769228.0,28147983776.0,27967906000.0,19635440531.0,18318601000.0,24468310738.0,28548945000.0,32432859000.0,36591666383.0,41507060983.0,46802083356.0,51007766296.0,61762639249.0,62519635221.0,69555353099.0,79276669201.0,87924532636.0,95129652944.0,102000000000.0,99290393249.0,99937696000.0
Egypt,35995026873.0,39199916210.0,45789043886.0,50619964315.0,56527978531.0,65758026939.0,73961367544.0,81571754785.0,87146284960.0,91906116309.0,95683644418.0,90724342137.0,86521731349.0,74076440681.0,79187405118.0,94456330561.0,108000000000.0,132000000000.0,165000000000.0,188000000000.0,215000000000.0,231000000000.0,277000000000.0,271000000000.0,301000000000.0,318000000000.0,270000000000.0
El Salvador,4817537633.0,5252334487.0,5813403620.0,6680270369.0,7679379877.0,8921950281.0,9586336186.0,10221712995.0,10936668025.0,11284173787.0,11784915660.0,12282523239.0,12664196643.0,13243887750.0,13724820031.0,14698003849.0,15999875856.0,17011750854.0,17986895043.0,17601593142.0,18447928402.0,20283780395.0,21386149590.0,21990983108.0,22593458040.0,23438226823.0,24154089173.0
Equatorial Guinea,169733334.8,171487147.0,202463899.5,199765224.2,165118775.5,215327909.7,340191832.9,653626948.4,548046314.2,917086091.2,1510816725.0,2207687661.0,2716657469.0,3697947979.0,5620779669.0,8519586143.0,10086510449.0,13071701614.0,19749879253.0,15027630906.0,16298552533.0,21329528205.0,22389603208.0,21942533211.0,21736522396.0,13175599576.0,11262322399.0
Eritrea,332357863.9,383949540.4,437076636.0,505072615.8,630768678.5,639725170.8,748456471.6,782070451.5,809311524.4,793703282.5,706369887.9,752371365.3,729321962.8,870247957.7,1109056449.0,1098422377.0,1211163540.0,1317976253.0,1380190152.0,1856695550.0,2117040846.0,2607794316.0,3060537857.0,3515618094.0,3963929136.0,4442127537.0,5012687504.0
Estonia,5652516941.0,5376190165.0,4334697391.0,4182672605.0,4186893267.0,4470693611.0,4777276325.0,5147697416.0,5661920633.0,5768977480.0,5698300026.0,6259565654.0,7372574189.0,9877755630.0,12144393271.0,14095708094.0,17021211160.0,22440762521.0,24342683921.0,19752939342.0,19696797702.0,23394702565.0,23192779352.0,25271522190.0,26773391601.0,23048951859.0,23996396816.0
Ethiopia,11207790557.0,12786207383.0,10229799962.0,7382765345.0,7147529413.0,7586836553.0,8235652963.0,8521562903.0,7726621812.0,7328478224.0,8030203199.0,7963475732.0,7691050633.0,8454148154.0,9935634937.0,12163584857.0,14983303187.0,18991962865.0,25608606096.0,28194203250.0,26311296602.0,30479431520.0,42210508227.0,46542002832.0,54163012786.0,63078654628.0,72157652625.0
Fiji,1339090645.0,1386020324.0,1535318548.0,1639606180.0,1828485153.0,1993370737.0,2114256442.0,2123496140.0,1680273244.0,1969382695.0,1707951144.0,1682424531.0,1867106046.0,2344815086.0,2761524074.0,2980610067.0,3076273590.0,3378267264.0,3523145780.0,2870567828.0,3140520156.0,3774781037.0,3972009300.0,4189834675.0,4857059001.0,4682521972.0,4930283708.0
Finland,141000000000.0,128000000000.0,113000000000.0,89210417332.0,103000000000.0,134000000000.0,132000000000.0,127000000000.0,134000000000.0,135000000000.0,126000000000.0,129000000000.0,140000000000.0,171000000000.0,197000000000.0,205000000000.0,217000000000.0,256000000000.0,285000000000.0,252000000000.0,249000000000.0,275000000000.0,258000000000.0,271000000000.0,274000000000.0,235000000000.0,241000000000.0
France,1230000000000.0,1230000000000.0,1360000000000.0,1290000000000.0,1350000000000.0,1560000000000.0,1560000000000.0,1410000000000.0,1460000000000.0,1450000000000.0,1320000000000.0,1330000000000.0,1450000000000.0,1780000000000.0,2050000000000.0,2130000000000.0,2250000000000.0,2570000000000.0,2830000000000.0,2600000000000.0,2560000000000.0,2770000000000.0,2600000000000.0,2720000000000.0,2760000000000.0,2360000000000.0,2390000000000.0
Gabon,6039523389.0,6013438706.0,6224441863.0,6016896782.0,4664428666.0,5519202839.0,6337383440.0,5951579777.0,5014553027.0,5162441990.0,5676778872.0,5181634945.0,5403292860.0,6557256935.0,7844095647.0,9578979702.0,10318366555.0,12438872738.0,15508555934.0,12065130263.0,14358684054.0,18186449884.0,17171418191.0,17590669902.0,18179678263.0,14372319895.0,14023892180.0
Gambia,1176049244.0,1147244468.0,1187039732.0,1254821880.0,1240626542.0,1306276888.0,1409712121.0,1335575690.0,1396491805.0,1353996162.0,1301150776.0,1142421000.0,960987208.9,809425088.1,961898713.5,1027703718.0,1054111824.0,1279701471.0,1561769728.0,1450140830.0,1543297527.0,1409689779.0,1415009943.0,1375606657.0,1229458695.0,1378176606.0,1467253434.0
Georgia,8877931927.0,7220163439.0,4098308404.0,2966545891.0,2715356046.0,2843746451.0,3222641088.0,3693006830.0,3801320043.0,2945570280.0,3216915089.0,3386805624.0,3572286999.0,4198840425.0,5392186109.0,6744149020.0,8147845935.0,10701673633.0,13460161732.0,11326526105.0,12243193132.0,15107478363.0,16488799613.0,17190037477.0,17627385746.0,14953671712.0,15141632661.0
Germany,1770000000000.0,1870000000000.0,2130000000000.0,2070000000000.0,2210000000000.0,2590000000000.0,2500000000000.0,2210000000000.0,2240000000000.0,2190000000000.0,1940000000000.0,1940000000000.0,2070000000000.0,2500000000000.0,2810000000000.0,2850000000000.0,2990000000000.0,3420000000000.0,3730000000000.0,3400000000000.0,3400000000000.0,3740000000000.0,3530000000000.0,3730000000000.0,3880000000000.0,3360000000000.0,3470000000000.0
Ghana,13213506003.0,14856378737.0,14609784309.0,12662619979.0,11553355992.0,13713931667.0,14707015796.0,14618186353.0,15871067944.0,16371926341.0,10569784657.0,11274086150.0,13079942811.0,16190792290.0,18839571544.0,22764839763.0,27016175774.0,32770285942.0,37761142162.0,34385609975.0,42587410210.0,52369942399.0,55512778519.0,63278826538.0,53601602562.0,49181516057.0,55009734452.0
Greece,97892914156.0,105000000000.0,116000000000.0,109000000000.0,117000000000.0,137000000000.0,146000000000.0,143000000000.0,144000000000.0,149000000000.0,132000000000.0,136000000000.0,154000000000.0,202000000000.0,241000000000.0,248000000000.0,273000000000.0,318000000000.0,354000000000.0,330000000000.0,299000000000.0,288000000000.0,246000000000.0,240000000000.0,237000000000.0,197000000000.0,195000000000.0
Greenland,1113490426.0,1110663986.0,1134104729.0,1013197883.0,1099226077.0,1321063747.0,1308424762.0,1171432223.0,1256578301.0,1236642620.0,1167129075.0,1187105878.0,1277577634.0,1558732257.0,1822724234.0,1849737687.0,2013000810.0,2249850886.0,2498872564.0,2530008659.0,2503167187.0,2684604015.0,2610002190.0,2684851953.0,2842166694.0,2499157414.0,2706947486.0
Grenada,236097735.6,247498767.1,252195755.2,251933207.0,264345163.1,278231115.3,298358955.3,321228881.1,352961057.4,379902623.9,520064673.1,520409159.7,540347464.8,591007153.3,599112776.9,695350438.3,698733292.7,758634697.5,825985610.2,771263196.3,770971268.2,778582645.0,799926148.5,842585949.0,911542518.3,997044329.3,1061650469.0
Guatemala,6819970224.0,8385348112.0,9307717503.0,10162883317.0,11574243455.0,13065573233.0,14070111489.0,15855179422.0,17289954043.0,16329762185.0,17195628354.0,18702812657.0,20776560079.0,21917579649.0,23965289717.0,27211219452.0,30231129486.0,34113086776.0,39136267480.0,37733784326.0,41338167241.0,47654642403.0,50388436301.0,53851076162.0,58722077756.0,63767456152.0,68663326904.0
Guinea,3905810298.0,4126448900.0,4445763861.0,4422627395.0,4633821343.0,5260158688.0,5504299589.0,5374561909.0,4906115312.0,4751417950.0,4269440830.0,4075157395.0,4079550743.0,4765758843.0,5028097174.0,4063118776.0,4220017445.0,6281915556.0,6964182102.0,6716905190.0,6853462469.0,6785128824.0,7638045891.0,8376616988.0,8778464188.0,8794208570.0,8603836833.0
Guinea-Bissau,609205020.3,648699600.3,684021985.5,716162179.8,753126955.0,799794229.9,535822666.9,412428511.5,375694167.7,405864506.9,362681832.4,380098412.6,408256457.6,476387000.1,531109346.8,586796064.1,591839889.4,695991219.8,864654881.1,826797271.7,849052321.1,1098383349.0,989328098.3,1045792833.0,1053510081.0,1047439714.0,1179001545.0
Guyana,631893927.4,555754910.8,596196942.1,743978014.7,869616748.6,991392888.3,1125108710.0,1194659576.0,1144244839.0,1107947361.0,1136504700.0,1135686556.0,1157959507.0,1184962403.0,1256329196.0,1315426190.0,1458432401.0,1740344021.0,1922594266.0,2025556778.0,2259272216.0,2576601882.0,2851112093.0,2989991267.0,3077050495.0,3179108259.0,3436602421.0
Haiti,3096288920.0,2995764630.0,2111494917.0,1806357222.0,2124936276.0,2695542645.0,2970918392.0,3242689806.0,3757489592.0,4088697849.0,3664502614.0,3508109954.0,3214578626.0,2826698538.0,3660485909.0,4046640206.0,4747464552.0,6174273746.0,6416369743.0,6502330052.0,6707775479.0,7473673175.0,7817556574.0,8384564389.0,8650256907.0,8354844645.0,7597788591.0
Honduras,3637287837.0,3660637790.0,4079388727.0,4182544855.0,4094781916.0,4724461093.0,4867935362.0,5625880232.0,6278032535.0,6471063737.0,7187325850.0,7652728801.0,7860017047.0,8233824091.0,8870978911.0,9757008945.0,10917472583.0,12361260847.0,13881731631.0,14587505178.0,15839338879.0,17710273909.0,18528557005.0,18499735371.0,19756511598.0,20979764059.0,21717606618.0
Hungary,37192697024.0,34753394786.0,38730552191.0,40125306449.0,43150748228.0,46438734950.0,46658756309.0,47296956781.0,48706832784.0,49073330185.0,47218420710.0,53749530599.0,67602813164.0,85302008173.0,104000000000.0,113000000000.0,116000000000.0,140000000000.0,158000000000.0,131000000000.0,131000000000.0,141000000000.0,128000000000.0,135000000000.0,141000000000.0,125000000000.0,128000000000.0
Iceland,6372932794.0,6807149701.0,6976183552.0,6126317886.0,6294852930.0,7018051323.0,7330802419.0,7580989864.0,8494029096.0,8971545345.0,9003774011.0,8205444040.0,9294655271.0,11414176433.0,13834663205.0,16812367800.0,17216819652.0,21514821936.0,17905190839.0,13164446275.0,13684287739.0,15158407788.0,14723626123.0,16033860558.0,17757941934.0,17388785710.0,20618549451.0
India,329000000000.0,291000000000.0,294000000000.0,287000000000.0,328000000000.0,372000000000.0,394000000000.0,426000000000.0,430000000000.0,462000000000.0,476000000000.0,491000000000.0,513000000000.0,599000000000.0,703000000000.0,824000000000.0,939000000000.0,1180000000000.0,1270000000000.0,1320000000000.0,1670000000000.0,1870000000000.0,1860000000000.0,1920000000000.0,2040000000000.0,2150000000000.0,2290000000000.0
Indonesia,133000000000.0,149000000000.0,162000000000.0,184000000000.0,206000000000.0,235000000000.0,265000000000.0,251000000000.0,111000000000.0,164000000000.0,176000000000.0,171000000000.0,208000000000.0,250000000000.0,273000000000.0,304000000000.0,388000000000.0,460000000000.0,543000000000.0,575000000000.0,755000000000.0,893000000000.0,918000000000.0,913000000000.0,891000000000.0,861000000000.0,932000000000.0
Iran,96363628707.0,105000000000.0,110000000000.0,119000000000.0,114000000000.0,114000000000.0,126000000000.0,117000000000.0,113000000000.0,118000000000.0,112000000000.0,122000000000.0,150000000000.0,155000000000.0,190000000000.0,226000000000.0,266000000000.0,350000000000.0,412000000000.0,416000000000.0,491000000000.0,603000000000.0,603000000000.0,539000000000.0,444000000000.0,393000000000.0,425000000000.0
Iraq,23876932100.0,8363091775.0,9878123905.0,7055254886.0,5642911973.0,4863143858.0,8529100615.0,9323351343.0,11891649455.0,20749775107.0,23656884843.0,24733100780.0,24390085274.0,23143472845.0,36638237233.0,49954881076.0,64805393085.0,88840030083.0,124000000000.0,129000000000.0,139000000000.0,186000000000.0,218000000000.0,235000000000.0,228000000000.0,167000000000.0,167000000000.0
Ireland,49366628696.0,49847984499.0,55989047354.0,52478438583.0,57167306429.0,69224464101.0,75878328068.0,82828712307.0,90082078729.0,98689307091.0,99852670186.0,109000000000.0,128000000000.0,164000000000.0,194000000000.0,212000000000.0,232000000000.0,270000000000.0,275000000000.0,236000000000.0,222000000000.0,237000000000.0,225000000000.0,239000000000.0,258000000000.0,291000000000.0,301000000000.0
Israel,58886531943.0,67414240957.0,75446875303.0,75824837076.0,86160347599.0,100000000000.0,110000000000.0,115000000000.0,116000000000.0,117000000000.0,132000000000.0,131000000000.0,121000000000.0,127000000000.0,135000000000.0,143000000000.0,154000000000.0,179000000000.0,216000000000.0,207000000000.0,234000000000.0,261000000000.0,257000000000.0,293000000000.0,310000000000.0,300000000000.0,319000000000.0
Italy,1180000000000.0,1240000000000.0,1310000000000.0,1060000000000.0,1090000000000.0,1170000000000.0,1310000000000.0,1240000000000.0,1270000000000.0,1250000000000.0,1140000000000.0,1170000000000.0,1270000000000.0,1570000000000.0,1800000000000.0,1860000000000.0,1950000000000.0,2210000000000.0,2400000000000.0,2190000000000.0,2130000000000.0,2290000000000.0,2090000000000.0,2140000000000.0,2160000000000.0,1840000000000.0,1880000000000.0
Jamaica,5277013678.0,4716924604.0,4222639450.0,5440080055.0,5452556719.0,6577505129.0,7393874516.0,8400035301.0,8787198991.0,8887064825.0,9005059211.0,9194739295.0,9718994745.0,9430243596.0,10174669396.0,11243846740.0,11930217091.0,12799607019.0,13709370116.0,12120467986.0,13220564562.0,14444845813.0,14806876294.0,14284895437.0,13897791240.0,14196475047.0,14075927419.0
Japan,3130000000000.0,3580000000000.0,3910000000000.0,4450000000000.0,4910000000000.0,5450000000000.0,4830000000000.0,4410000000000.0,4030000000000.0,4560000000000.0,4890000000000.0,4300000000000.0,4120000000000.0,4450000000000.0,4820000000000.0,4760000000000.0,4530000000000.0,4520000000000.0,5040000000000.0,5230000000000.0,5700000000000.0,6160000000000.0,6200000000000.0,5160000000000.0,4850000000000.0,4390000000000.0,4930000000000.0
Jordan,4062238433.0,4237111436.0,5374591405.0,5664353395.0,6301832462.0,6802363983.0,7000386558.0,7321590880.0,7994956127.0,8234730322.0,8549014073.0,9069565631.0,9682524286.0,10301706217.0,11530394715.0,12720097826.0,15214141659.0,17289247147.0,22202243756.0,23943516812.0,26519620320.0,28907576661.0,30935220776.0,33617483818.0,36050412129.0,37922647639.0,39196678668.0
Kazakhstan,29674924289.0,27317664540.0,26454047734.0,24579190904.0,21948621981.0,20561534770.0,21035356487.0,22165934941.0,22135261442.0,16870819381.0,18291996748.0,22152692101.0,24636590044.0,30833698994.0,43151647627.0,57123656899.0,81003838871.0,105000000000.0,133000000000.0,115000000000.0,148000000000.0,193000000000.0,208000000000.0,237000000000.0,221000000000.0,184000000000.0,137000000000.0
Kenya,12664485180.0,11937649306.0,11800664724.0,8192962991.0,10425506045.0,13427994849.0,13740576608.0,14958504216.0,16085592799.0,14688217579.0,14464785520.0,14900119145.0,15092276427.0,17104698940.0,18471263181.0,21505533043.0,25826245246.0,31959313865.0,35896881446.0,37022307286.0,39999685257.0,41953447852.0,50410160576.0,55096749635.0,61448082622.0,64007784618.0,69188772070.0
Kiribati,39994218.83,47371781.63,48086362.79,47038559.99,54809326.07,55976186.17,66868460.59,67228574.44,65640245.94,69155918.11,74707248.19,65233374.06,73730882.82,94206736.95,102369462.7,112128927.3,110234784.2,132679881.3,141043653.2,132418435.7,156130510.2,181724199.0,190103144.9,185100531.2,178868718.8,169137201.7,181557665.5
Kuwait,18470871563.0,11014237222.0,19868776501.0,23956511858.0,24859294730.0,26554163615.0,31492104604.0,30351213920.0,25945405428.0,30123476941.0,37717816724.0,34889448498.0,38135649761.0,47873988053.0,59436877368.0,80797874024.0,102000000000.0,115000000000.0,147000000000.0,106000000000.0,115000000000.0,154000000000.0,174000000000.0,174000000000.0,163000000000.0,115000000000.0,109000000000.0
Kyrgyzstan,2607989573.0,2482002455.0,2187282016.0,1892954713.0,1545055074.0,1491893740.0,1826706624.0,1767358033.0,1640372163.0,1249597342.0,1370076479.0,1527210887.0,1605695240.0,1921531645.0,2212207311.0,2460243403.0,2834167234.0,3802564705.0,5139949175.0,4690059586.0,4794366242.0,6197771558.0,6605144707.0,7335045318.0,7468088313.0,6678183087.0,6813092031.0
Laos,901795440.2,1071274659.0,1228791031.0,1387010214.0,1608568307.0,1852406521.0,1952594427.0,1819883136.0,1339287476.0,1515458803.0,1806027495.0,1827359032.0,1906867796.0,2184279301.0,2576838115.0,2946350268.0,3605985900.0,4570008380.0,5731763439.0,6056946699.0,7313450659.0,8741715072.0,10191355070.0,11942233835.0,13268421706.0,14390446134.0,15805692481.0
Latvia,9628522545.0,8917627931.0,5941431399.0,5177851724.0,5322592448.0,5390127534.0,5951653085.0,6508716634.0,7146236497.0,7517877296.0,7934418210.0,8334313810.0,9529859454.0,11731172257.0,14355635527.0,16908980244.0,21437071791.0,30899685276.0,35655708282.0,26253339266.0,23803836175.0,28490646167.0,28176653078.0,30272472353.0,31382794346.0,27090033224.0,27734126170.0
Lebanon,2950183262.0,4355707814.0,5734177600.0,7909028901.0,9363554957.0,11505954188.0,13632410761.0,15595120412.0,16910044021.0,17008964208.0,16678521214.0,17065261439.0,18712361081.0,19801590716.0,21145513972.0,21489941102.0,22048722310.0,24873514823.0,29227553558.0,35477280265.0,38419658428.0,40075657410.0,44230791658.0,46866532151.0,48296115050.0,49973916254.0,51239050034.0
Lesotho,628647219.8,699943199.6,839530708.7,834451743.2,853819142.8,955409277.7,957093779.0,1041538142.0,913489845.7,913607118.6,879084380.5,805149805.3,748567728.8,1104657835.0,1406778096.0,1559648268.0,1628596407.0,1820824003.0,1870718463.0,1865972607.0,2385936376.0,2788017528.0,2678496948.0,2526018072.0,2614580837.0,2464548253.0,2304613571.0
Liberia,595206100.6,538843463.2,346065155.3,248363489.3,204698172.9,208723808.7,246815067.5,418609180.6,510978200.2,616002494.3,644942241.2,637808857.9,686682414.0,529062975.2,643918537.1,706232119.1,815419829.0,949000000.0,1101000916.0,1154998769.0,1292000332.0,1538001148.0,1734001258.0,1936001367.0,2053000942.0,2074548200.0,2140387483.0
Libya,31088362342.0,34409312355.0,36447811019.0,32976905368.0,30772502543.0,28292433183.0,31284198072.0,33193986839.0,29896736132.0,33639739556.0,38470520905.0,34061333600.0,21912682153.0,26235912669.0,33292801138.0,45451488692.0,55076751919.0,62668046085.0,95326439108.0,68838187530.0,80942471864.0,40587257116.0,101000000000.0,65825467266.0,33817937456.0,17665671751.0,15319672948.0
Liechtenstein,1755921458.0,1899251183.0,2033047265.0,2011579055.0,2244755861.0,2695594128.0,2718515398.0,2563442673.0,2742117508.0,2946136385.0,2747178267.0,2755187423.0,2974132890.0,3396004609.0,3819644200.0,4046717986.0,4424736672.0,5089173411.0,5619790143.0,4981274182.0,5621369550.0,6349153186.0,6034435862.0,6392749775.0,6656734817.0,6267676669.0,6236802648.0
Lithuania,10239532055.0,9984977020.0,8041454216.0,6896196300.0,6355583407.0,6702333903.0,8385253244.0,10120451389.0,11240551070.0,10973092244.0,11539419841.0,12252702609.0,14275455631.0,18802836994.0,22646715949.0,26141336380.0,30208444501.0,39731635113.0,47895714555.0,37439390925.0,37034568407.0,43466119047.0,42842537129.0,46442117543.0,48526017176.0,41392283613.0,43021942707.0
Luxembourg,13228730751.0,14321807076.0,16066563631.0,16486496021.0,18326657918.0,21588238847.0,21776159573.0,19731889542.0,20208440007.0,22235334442.0,21263644782.0,21272180112.0,23617456300.0,29555854918.0,34687019534.0,37346955125.0,42412226544.0,50885736868.0,55851525290.0,51368379982.0,53212581584.0,60005207972.0,56677748253.0,61738669456.0,66103376397.0,57744457955.0,60691692990.0
Macao,8552115524.0,9165558409.0,10157296305.0,11298720788.0,10780468000.0,10633179698.0,11116141353.0,11131452423.0,11140461689.0,11043502263.0,11823880692.0,12950916996.0,14049761847.0,15607128147.0,16417205427.0,16271564600.0,17664633065.0,19537214687.0,21021161411.0,22455162075.0,24110717652.0,25922146712.0,27146422791.0,,,,
Madagascar,3609225478.0,3132846972.0,3511107127.0,3913226610.0,3456058605.0,3668342302.0,4637847042.0,4116181914.0,4339993062.0,4320179060.0,4501715508.0,5258510036.0,5104914392.0,6354960023.0,5066221300.0,5849435013.0,6402802396.0,8524616504.0,10725139331.0,9616878472.0,9982711338.0,11551821211.0,11578972991.0,12423557621.0,12522962179.0,11323016962.0,11848613860.0
Malawi,3166319628.0,3658044144.0,3285104572.0,3612300468.0,2134244101.0,2473657908.0,2974842413.0,3140905232.0,3214449286.0,3208979178.0,3150374915.0,3101596033.0,3495601574.0,3209167311.0,3476332701.0,3655889267.0,3998014567.0,4432938134.0,5321015267.0,6191129084.0,6959656176.0,8006871232.0,5721432648.0,5290355038.0,5964922567.0,6431416884.0,5309941720.0
Malaysia,44024585240.0,49134819465.0,59151690971.0,66894977268.0,74482454691.0,88832693374.0,101000000000.0,100000000000.0,72175291695.0,79148403589.0,93789716624.0,92783931715.0,101000000000.0,110000000000.0,125000000000.0,144000000000.0,163000000000.0,194000000000.0,231000000000.0,202000000000.0,255000000000.0,298000000000.0,314000000000.0,323000000000.0,338000000000.0,301000000000.0,301000000000.0
Maldives,280693624.9,318996584.4,371841794.7,420814701.6,464675013.0,566357398.3,639298037.8,721399700.2,766625299.3,836406734.0,886224240.9,887128387.6,913322384.3,1052114104.0,1226829565.0,1163347874.0,1575210011.0,1868400183.0,2271619731.0,2345248424.0,2588147752.0,2774335578.0,2886120343.0,3295001302.0,3697378651.0,4109407419.0,4379069810.0
Mali,2731729845.0,3007865587.0,3095266279.0,3054979085.0,2233407913.0,2836908100.0,3147710518.0,2871844603.0,3275071776.0,3439463285.0,2954130482.0,3465306882.0,3889759008.0,4703503177.0,5444477694.0,6245027761.0,6899799659.0,8145689558.0,9750824170.0,10181020573.0,10678748293.0,12978109683.0,12442743908.0,13245776666.0,14388384615.0,13094841958.0,14042789718.0
Malta,2634696522.0,2844438188.0,3125563039.0,2802089460.0,3101360685.0,3697294344.0,3806231799.0,3776241343.0,3975639172.0,4093691978.0,4053381833.0,4066389941.0,4467166494.0,5415721499.0,6044019075.0,6393209380.0,6782943928.0,7930398237.0,8977525947.0,8527833628.0,8740623597.0,9501422475.0,9212076249.0,10151604856.0,11281033436.0,10702383507.0,11442196348.0
Marshall Islands,79200008.05,83276604.52,91909713.53,100384819.1,109079875.7,121347658.7,111873556.9,106307005.2,108700178.0,107977552.8,110991398.9,115204520.6,124937287.5,127269540.8,132734891.0,140278521.3,146676459.5,154249168.1,155243480.9,154885435.4,168298500.6,175522954.0,186590926.3,192288784.7,185166900.6,181477846.1,197775228.6
Mauritania,2085838677.0,2236480865.0,2266044889.0,1935843464.0,2051367460.0,2160776091.0,2185887860.0,2124289623.0,1852282621.0,1807145806.0,1663145852.0,1665573740.0,1702707350.0,2009521306.0,2428682626.0,2808368935.0,3723582123.0,4288725333.0,5210533719.0,4543448787.0,5449712471.0,6125689232.0,6291886444.0,6779068412.0,6706741736.0,6320660939.0,6566132113.0
Mauritius,2735085156.0,2929758298.0,3412631916.0,3451959745.0,3769203655.0,4272672261.0,4673783479.0,4425881082.0,4407204698.0,4535529350.0,4869263671.0,4817364073.0,5055068396.0,6073432612.0,6869307402.0,6775317310.0,7028810755.0,8150156749.0,9990356849.0,9128879801.0,10003654658.0,11518358189.0,11668705835.0,12129716728.0,12803398234.0,11692296350.0,12232517862.0
Mexico,300000000000.0,359000000000.0,415000000000.0,501000000000.0,528000000000.0,360000000000.0,411000000000.0,500000000000.0,527000000000.0,600000000000.0,708000000000.0,757000000000.0,772000000000.0,729000000000.0,782000000000.0,877000000000.0,975000000000.0,1050000000000.0,1110000000000.0,900000000000.0,1060000000000.0,1180000000000.0,1200000000000.0,1270000000000.0,1310000000000.0,1170000000000.0,1080000000000.0
Moldova,4034660500.0,3441846379.0,2498061791.0,2527202143.0,1782834397.0,1795378128.0,1727225777.0,1973118363.0,1750157478.0,1213647021.0,1340727405.0,1543001062.0,1732055243.0,2060946013.0,2698663524.0,3104632696.0,3541694246.0,4579984462.0,6312390478.0,5683868425.0,6083264105.0,7344325975.0,7605985476.0,8296179462.0,8306021758.0,6764332054.0,7048826774.0
Monaco,2431890828.0,2433359007.0,2686201188.0,2536944816.0,2673418489.0,3071861858.0,3079621600.0,2784951072.0,2881368434.0,2860677145.0,2610104273.0,2636608844.0,2861552932.0,3523837906.0,4051378432.0,4202851734.0,4582578136.0,5867923308.0,6474529397.0,5451938518.0,5361897813.0,6080897731.0,5742976591.0,6553333428.0,7059538116.0,6259960469.0,6467950642.0
Mongolia,1715393866.0,1609426287.0,1489761146.0,1479265061.0,1545594511.0,1677607602.0,1600907251.0,1431171269.0,1320023501.0,1232521908.0,1318230001.0,1470244016.0,1619294258.0,1849736732.0,2309764994.0,2925964915.0,3958581868.0,4910465769.0,6520099827.0,5314954123.0,7189499039.0,10409811266.0,12292756228.0,12582059692.0,12226552291.0,11749604614.0,11186728589.0
Montenegro,2147140249.0,1754015626.0,1481173480.0,819906352.2,845863968.4,1214901504.0,873894291.7,846321641.0,858901825.6,836591769.5,991259495.5,1170033216.0,1292543663.0,1720712708.0,2093224872.0,2278745778.0,2721776936.0,3680516890.0,4545784385.0,4159039773.0,4138985388.0,4538515852.0,4087828156.0,4464506277.0,4587749208.0,4053091007.0,4373993891.0
Morocco,30319696058.0,32682608869.0,33403924157.0,31467878548.0,35636249980.0,38727709553.0,43017352873.0,39231486459.0,42052873936.0,41750587082.0,38900794928.0,39639348182.0,42468906556.0,52351222750.0,59838081417.0,62544746135.0,68971589787.0,79040965659.0,92506947652.0,92897320376.0,93217207536.0,101000000000.0,98265829526.0,107000000000.0,110000000000.0,101000000000.0,103000000000.0
Mozambique,3860827247.0,3574643410.0,2559162685.0,2674914311.0,2748465678.0,2816680282.0,3859393916.0,4629830348.0,5337313848.0,5807465619.0,5494152846.0,5220854846.0,5510654932.0,6130366683.0,7482352699.0,8459279767.0,9103565707.0,10258593883.0,12589349126.0,11950685726.0,11121163009.0,14381555744.0,16350820185.0,16974312410.0,17716092140.0,15950978263.0,11936989954.0
Myanmar,5179092019.0,5319401477.0,5966242656.0,6476460865.0,7109406982.0,7762803261.0,8414235311.0,9043063546.0,5925855360.0,6575622751.0,7275325504.0,7633917433.0,10369131902.0,9924909069.0,10253850279.0,11930830319.0,13851581637.0,18232526764.0,25864444150.0,32934811928.0,41444930424.0,57888471978.0,61013747075.0,62139521586.0,66299753288.0,62543488503.0,64589895869.0
Namibia,2785730422.0,2992656512.0,3424700720.0,3218428739.0,3636656848.0,3942496921.0,3945295662.0,4102675603.0,3826529758.0,3818968676.0,3834003691.0,3476450651.0,3275648313.0,4811952508.0,6480422104.0,7121345521.0,7834990710.0,8740917730.0,8486648113.0,8876196869.0,11282174730.0,12409574913.0,13016287055.0,12717836979.0,12786147223.0,11650622698.0,11286164657.0
Nauru,49245859.42,45551855.89,42651895.19,36808648.41,36680961.08,34848743.45,33763316.84,30913076.41,24002985.05,24577401.85,21712244.79,19044308.68,19063036.44,24091446.3,27633832.4,26290343.86,25389490.45,23120961.58,41499593.82,54275926.89,59300911.05,87901094.73,120490035.8,118166788.6,132826895.3,104262699.7,120477094.8
Nepal,3780186652.0,3468572879.0,3756771046.0,3787172012.0,4330700317.0,4534419555.0,4713497173.0,5191233112.0,4895253098.0,5380888843.0,5730377482.0,5890907874.0,5899626457.0,6464693976.0,7285498150.0,8258829299.0,8990150545.0,10958771913.0,11692063287.0,12739823978.0,16280799516.0,18467306133.0,17927225207.0,18227221944.0,19738007070.0,20801204662.0,20982330982.0
Netherlands,318000000000.0,327000000000.0,363000000000.0,354000000000.0,379000000000.0,452000000000.0,450000000000.0,417000000000.0,438000000000.0,447000000000.0,416000000000.0,431000000000.0,472000000000.0,579000000000.0,657000000000.0,685000000000.0,733000000000.0,847000000000.0,948000000000.0,868000000000.0,847000000000.0,904000000000.0,839000000000.0,877000000000.0,891000000000.0,765000000000.0,784000000000.0
New Zealand,45440231342.0,43833516628.0,42061253147.0,45641504837.0,53563987501.0,63151504877.0,69492563029.0,69302010499.0,57180304624.0,59921717914.0,54443281008.0,54109182721.0,62520320353.0,83910487929.0,102000000000.0,115000000000.0,112000000000.0,137000000000.0,133000000000.0,121000000000.0,147000000000.0,168000000000.0,176000000000.0,191000000000.0,201000000000.0,177000000000.0,188000000000.0
Nicaragua,3554968357.0,3653864047.0,3874554842.0,4133617316.0,3848591557.0,4118083965.0,4293728592.0,4375336064.0,4619890290.0,4839839026.0,5092561745.0,5333912439.0,5206309243.0,5304482883.0,5773615840.0,6300253807.0,6763664855.0,7423389556.0,8496973418.0,8298719876.0,8758591834.0,9774322877.0,10532024482.0,10982997231.0,11880444457.0,12756683991.0,13286084767.0
Niger,3515060412.0,3336200414.0,3466066375.0,3182042694.0,1967928203.0,2380420841.0,2548523176.0,2346768706.0,2681367059.0,2637869255.0,2301395063.0,2506122398.0,2857840498.0,3518751720.0,3860410324.0,4489380167.0,4859457088.0,5708052295.0,7200264304.0,7191945566.0,7620316109.0,8540554856.0,9250854805.0,10217945748.0,10966549968.0,9659340276.0,10287508599.0
Nigeria,61535973378.0,59544904628.0,52376402628.0,56974939553.0,49485505504.0,50486421931.0,53567997026.0,56092182711.0,58187701621.0,59372609503.0,69448735873.0,74030397750.0,95385854507.0,105000000000.0,136000000000.0,176000000000.0,236000000000.0,276000000000.0,337000000000.0,292000000000.0,363000000000.0,410000000000.0,459000000000.0,515000000000.0,568000000000.0,495000000000.0,405000000000.0
North Korea,14912513220.0,13656397290.0,12417529297.0,10701720519.0,8295919147.0,4858919023.0,10587637898.0,10313678659.0,10265632255.0,10269826622.0,10592235103.0,11014232913.0,10922379455.0,11087936828.0,11225103329.0,13097826806.0,13834772695.0,14448170577.0,13404990775.0,12096689853.0,14016470813.0,15769448611.0,15988711956.0,16649703008.0,17484753286.0,16365856315.0,16872067381.0
Norway,120000000000.0,122000000000.0,131000000000.0,121000000000.0,127000000000.0,152000000000.0,164000000000.0,161000000000.0,154000000000.0,162000000000.0,171000000000.0,174000000000.0,196000000000.0,229000000000.0,265000000000.0,309000000000.0,346000000000.0,401000000000.0,462000000000.0,386000000000.0,429000000000.0,498000000000.0,510000000000.0,523000000000.0,498000000000.0,386000000000.0,369000000000.0
Oman,11556012154.0,11215970388.0,12314754974.0,12355937733.0,12775821512.0,13650015342.0,15108695638.0,15662312444.0,13996883608.0,15593414732.0,19507452507.0,19451975048.0,20142773428.0,21633690088.0,24763783884.0,31082028856.0,37215707554.0,42085442844.0,60905297480.0,48388363516.0,56913084492.0,67872567322.0,76511103680.0,78555616500.0,68399578400.0,65480399759.0,70597994761.0
Pakistan,51666172416.0,55973301173.0,62958367556.0,62134064522.0,66919639648.0,77266089264.0,76999764196.0,77394423168.0,77886383085.0,77779557952.0,76865939091.0,73268808052.0,80353153317.0,90990619900.0,104000000000.0,118000000000.0,136000000000.0,152000000000.0,151000000000.0,162000000000.0,175000000000.0,212000000000.0,215000000000.0,220000000000.0,249000000000.0,267000000000.0,278000000000.0
Palau,78854763.99,86835678.34,93356803.03,85904593.63,91054986.84,110352048.9,131874764.9,142788081.3,147943506.5,143092381.3,147825262.1,158191633.7,161656150.6,157986922.9,173321639.6,184496773.7,189077228.7,194640425.2,198066708.1,183419439.0,183488593.1,193176575.2,211043507.5,223350326.4,243133174.2,280376094.0,300007067.7
Palestine,1822354346.0,1970434746.0,2433753180.0,2622774896.0,2859244021.0,3298552002.0,3421040829.0,3767324939.0,4002208099.0,4146318971.0,4157096869.0,3855568651.0,3439854799.0,3867369678.0,4250254011.0,4756718639.0,4974330138.0,5410130918.0,6808652901.0,7536997219.0,9038228015.0,10467263543.0,11455516051.0,12714538950.0,13183415040.0,13173161121.0,14512890193.0
Panama,6174494096.0,6789358308.0,7717989552.0,8428412176.0,8987607657.0,9187715446.0,9472434539.0,10246701528.0,11108710963.0,11641056021.0,11808021200.0,11997990223.0,12470340807.0,13141802361.0,14407965057.0,15714117887.0,17413398882.0,21295959565.0,25155888616.0,27116635565.0,29440319909.0,34686186868.0,40429830885.0,45600136675.0,49921425977.0,54091754667.0,57957522430.0
Papua New Guinea,4937209690.0,5806908704.0,6578223095.0,7476813087.0,7995796362.0,7273587954.0,7740449688.0,7398149622.0,5655036996.0,5160298691.0,5258413190.0,4610043786.0,4579968608.0,5583796893.0,6276114873.0,7312283686.0,8306243913.0,9544908372.0,11670727618.0,11619355934.0,14250766607.0,17985037259.0,21295345668.0,21261232526.0,23003724072.0,22961533230.0,21480179743.0
Paraguay,6022335449.0,7148187473.0,7373931947.0,7864105600.0,8984541146.0,10440230329.0,11330442553.0,11483998738.0,10246126818.0,9450334971.0,9184331987.0,8343407756.0,8187336221.0,8527708862.0,10399148547.0,11306221256.0,13780611174.0,17856378512.0,24577081150.0,22347104512.0,27239040781.0,33715551721.0,33283213342.0,38585300260.0,40276520636.0,36164068797.0,36054462708.0
Peru,29118873770.0,34354520832.0,35884254590.0,34642895023.0,44662894900.0,53371171418.0,55274187016.0,58143891811.0,55490119690.0,50204634392.0,51743266476.0,52048959815.0,54796238180.0,58743386904.0,66780961207.0,76080400811.0,88658554683.0,102000000000.0,121000000000.0,121000000000.0,148000000000.0,172000000000.0,193000000000.0,201000000000.0,201000000000.0,190000000000.0,192000000000.0
Philippines,49095183763.0,50320475184.0,58695342692.0,60237427713.0,71002665263.0,82121270538.0,91790462717.0,91233718153.0,72206935644.0,82995181179.0,81025844014.0,76261993862.0,81357660195.0,83908154037.0,91371217479.0,103000000000.0,122000000000.0,149000000000.0,174000000000.0,168000000000.0,200000000000.0,224000000000.0,250000000000.0,272000000000.0,285000000000.0,293000000000.0,305000000000.0
Poland,65977748211.0,85557037074.0,94368668617.0,96204879400.0,111000000000.0,142000000000.0,160000000000.0,159000000000.0,174000000000.0,170000000000.0,172000000000.0,191000000000.0,199000000000.0,218000000000.0,255000000000.0,306000000000.0,345000000000.0,429000000000.0,534000000000.0,440000000000.0,479000000000.0,529000000000.0,500000000000.0,524000000000.0,545000000000.0,478000000000.0,472000000000.0
Portugal,78718229501.0,89236947970.0,108000000000.0,95013567968.0,99692316987.0,118000000000.0,123000000000.0,117000000000.0,124000000000.0,127000000000.0,118000000000.0,121000000000.0,134000000000.0,165000000000.0,189000000000.0,197000000000.0,209000000000.0,240000000000.0,262000000000.0,244000000000.0,238000000000.0,245000000000.0,216000000000.0,226000000000.0,230000000000.0,199000000000.0,206000000000.0
Qatar,7360393198.0,6883530608.0,7646277322.0,7156593407.0,7374494182.0,8137991337.0,9059340659.0,11297781093.0,10255568880.0,12393066697.0,17759860134.0,17538490056.0,19363857123.0,23533894762.0,31734085165.0,44530190730.0,60881534977.0,79712428942.0,115000000000.0,97798127370.0,125000000000.0,168000000000.0,187000000000.0,199000000000.0,206000000000.0,162000000000.0,152000000000.0
Romania,40591441348.0,30624267263.0,20780925419.0,27980446755.0,31920322591.0,37656955051.0,37168265558.0,35838865161.0,41978018093.0,36183382584.0,37439016011.0,40717136299.0,46173967461.0,59867632330.0,76217589760.0,98454356100.0,122000000000.0,175000000000.0,214000000000.0,174000000000.0,166000000000.0,183000000000.0,171000000000.0,191000000000.0,200000000000.0,178000000000.0,188000000000.0
Russia,577000000000.0,566000000000.0,494000000000.0,461000000000.0,411000000000.0,403000000000.0,395000000000.0,408000000000.0,274000000000.0,198000000000.0,262000000000.0,310000000000.0,349000000000.0,436000000000.0,597000000000.0,770000000000.0,995000000000.0,1300000000000.0,1660000000000.0,1220000000000.0,1520000000000.0,2040000000000.0,2200000000000.0,2290000000000.0,2050000000000.0,1360000000000.0,1280000000000.0
Rwanda,2435032398.0,1812573337.0,1914767960.0,1854309100.0,1141599203.0,1230118869.0,1331326431.0,1790929946.0,1925274010.0,1817682292.0,1734686065.0,1674973003.0,1676605744.0,1846909100.0,2088494294.0,2581467135.0,3152018109.0,3824812738.0,4860576006.0,5379377881.0,5772288798.0,6563314967.0,7335232779.0,7622526729.0,8016287401.0,8277674640.0,8475056522.0
Saint Kitts and Nevis,217264655.8,220551664.3,242101338.5,263794027.3,295166351.5,313507537.6,333920858.0,374292867.3,382909508.2,406263395.0,421137831.5,458212301.6,480631922.9,469430783.0,506889057.5,547145312.9,644329435.0,689155343.7,751120495.9,747862963.0,760092827.3,817676568.8,800318547.5,839724019.0,916602770.4,923173584.9,971241914.4
Saint Lucia,464949588.7,500333802.0,555806031.7,556072286.4,579378966.1,617469412.7,657108794.1,669608343.8,735004268.7,773865812.6,782217702.9,738141850.3,741844444.4,805837037.0,885268094.1,935411443.4,1134543336.0,1280741674.0,1286708513.0,1279471474.0,1400417184.0,1446028072.0,1440082075.0,1483747479.0,1559168317.0,1659157206.0,1701634635.0
Saint Vincent and the Grenadines,234265797.9,250884255.0,275828567.3,281989430.4,287689749.2,312217032.4,329291786.3,347222684.8,375266586.2,390151030.4,396273992.3,430284332.1,461887750.3,481785912.8,521982924.6,550770767.8,611042521.7,684405904.6,695451324.3,674907763.8,681257389.9,676090054.4,692948148.1,721220686.6,727761608.5,755310028.6,774486230.2
Samoa,115250613.9,115017730.5,121248600.2,121985080.7,203815015.5,201503935.4,226805879.6,246937498.8,231426265.9,236090545.4,237621452.8,246226552.8,271649195.7,330765242.4,395843048.0,446699950.9,463470858.1,662001252.8,674950395.5,615009102.6,692109966.2,761073754.1,755410841.0,763941984.2,780762644.1,786873245.8,821658620.4
San Marino,832052244.4,877206935.8,929556883.7,825115803.0,895093458.7,1019621885.0,1174048874.0,1107785582.0,1189027533.0,1257727879.0,1140693189.0,1201910098.0,1297098320.0,1655269638.0,1942066010.0,2027428774.0,2164937867.0,2487967401.0,2751823041.0,2363426301.0,2138794784.0,2053533348.0,1800493665.0,1865072064.0,1844451220.0,1418744405.0,1467301871.0
Sao Tome and Principe,113455486.1,102204659.4,90213047.6,119585871.6,124903176.2,98615970.76,128558581.9,87416446.12,68747621.86,73517791.1,72466452.34,72232772.55,81054978.54,96337533.96,105360438.2,126193762.4,134437007.4,145824785.1,188023366.8,187822116.9,197455119.9,233209718.4,252547176.2,302908149.3,337606537.8,308121330.8,337554913.6
Saudi Arabia,117000000000.0,132000000000.0,137000000000.0,133000000000.0,135000000000.0,143000000000.0,158000000000.0,166000000000.0,147000000000.0,162000000000.0,190000000000.0,184000000000.0,190000000000.0,216000000000.0,259000000000.0,328000000000.0,377000000000.0,416000000000.0,520000000000.0,429000000000.0,528000000000.0,671000000000.0,736000000000.0,747000000000.0,756000000000.0,654000000000.0,645000000000.0
Senegal,8028359047.0,7748274390.0,8491713151.0,7651207114.0,5130910750.0,6305500369.0,6554716054.0,6045780468.0,6508794734.0,6954016433.0,6054967018.0,6311157237.0,6901513118.0,8875672687.0,10391807360.0,11267101496.0,12109224811.0,14601213760.0,17320698193.0,16533049151.0,16724607302.0,18599117774.0,18395459324.0,19209977100.0,19770924469.0,17761307232.0,19040305982.0
Serbia,40374102577.0,36871570301.0,26839472163.0,19299993484.0,20223646426.0,21821936041.0,22760633136.0,21436958204.0,19144610972.0,14401959170.0,11846154311.0,15385438863.0,20084716998.0,26320148853.0,30789396415.0,32436968089.0,37770439699.0,49675468908.0,60718722711.0,52527717578.0,48659561963.0,57557543768.0,50578572600.0,56649938860.0,55161534422.0,46489937442.0,50966809002.0
Seychelles,445374084.5,452401765.9,524011811.2,567056613.3,583262974.2,614030984.1,603470985.6,680211607.0,735080621.2,751654884.2,746867375.4,746275458.0,837920678.7,846355208.0,839279252.4,919144381.1,1016429662.0,1033595454.0,967198458.8,847291125.8,970060191.5,1018469370.0,1059553677.0,1328118128.0,1342980278.0,1377535946.0,1427591282.0
Sierra Leone,879295961.6,1055725889.0,920351188.8,1040674303.0,1234193434.0,1178560711.0,1274618119.0,1150808931.0,910059896.5,906026036.2,860650343.9,1090464737.0,1253321308.0,1385786545.0,1448539485.0,1650495829.0,1885113193.0,2158499732.0,2505457106.0,2453900238.0,2578027084.0,2942545861.0,3801863708.0,4920338896.0,5015184570.0,4248105012.0,3862727717.0
Singapore,38899889732.0,45473082692.0,52157482248.0,60644806326.0,73775615814.0,87891435468.0,96400702142.0,100000000000.0,85707706280.0,86285289125.0,95835994777.0,89285196890.0,91941523135.0,97002352519.0,114000000000.0,127000000000.0,148000000000.0,180000000000.0,192000000000.0,192000000000.0,236000000000.0,277000000000.0,292000000000.0,305000000000.0,313000000000.0,306000000000.0,317000000000.0
Slovakia,16847021001.0,11798753752.0,12826603436.0,13810317872.0,15977657752.0,20042195026.0,21653541660.0,21916970307.0,22819556552.0,20818401375.0,20719390563.0,21410403063.0,24810711853.0,33981902557.0,43124787604.0,49033418454.0,57175145984.0,77056524229.0,96733049834.0,89040859599.0,90183970134.0,98997429729.0,94416669648.0,98723871308.0,101000000000.0,88457216545.0,89640708322.0
Slovenia,18183740769.0,13257693240.0,13100865659.0,13257543863.0,15049313025.0,21353517308.0,21504910852.0,20764131808.0,22144125620.0,22711022123.0,20291141958.0,20876825266.0,23488975131.0,29635629797.0,34415187777.0,36204394578.0,39478668131.0,48004147763.0,55554484201.0,50365096914.0,48161227365.0,51516141322.0,46580525378.0,48402131016.0,49930685013.0,43090173062.0,44651429625.0
Solomon Islands,208125803.4,220389304.8,260619791.7,282706218.6,319769465.0,364656248.1,403205880.2,408399200.6,358423070.4,380110299.1,338189083.1,334601338.2,273828847.7,314256914.6,363520699.0,429476033.6,471184605.5,587991262.7,637082076.3,638557837.1,719622919.3,870250864.9,975885896.5,1036319492.0,1075297893.0,1059171378.0,1128689317.0
Somalia,994072955.3,613949662.4,583254225.7,996441704.9,1126305906.0,1122244293.0,1260224717.0,1482005638.0,1926004373.0,1904431419.0,2052047552.0,1302610389.0,1219171267.0,1516743116.0,1984461412.0,2315546354.0,2390007998.0,2482993421.0,2600027766.0,1246652761.0,1092784690.0,1136156371.0,1519539727.0,1762620755.0,1651086178.0,1454779553.0,1439126490.0
South Africa,117000000000.0,125000000000.0,136000000000.0,136000000000.0,141000000000.0,155000000000.0,148000000000.0,153000000000.0,138000000000.0,137000000000.0,136000000000.0,122000000000.0,115000000000.0,175000000000.0,229000000000.0,258000000000.0,272000000000.0,299000000000.0,287000000000.0,296000000000.0,375000000000.0,416000000000.0,396000000000.0,367000000000.0,351000000000.0,317000000000.0,296000000000.0
South Korea,286000000000.0,334000000000.0,358000000000.0,395000000000.0,466000000000.0,568000000000.0,611000000000.0,569000000000.0,381000000000.0,494000000000.0,572000000000.0,544000000000.0,623000000000.0,697000000000.0,786000000000.0,925000000000.0,1040000000000.0,1160000000000.0,1040000000000.0,943000000000.0,1140000000000.0,1260000000000.0,1280000000000.0,1370000000000.0,1490000000000.0,1470000000000.0,1510000000000.0
South Sudan,,,,,,,,,,,,,,,,,,,15440555013.0,11945773974.0,14986389977.0,17290947982.0,9634134641.0,13454501978.0,15807257233.0,13215989441.0,6784650383.0
Spain,537000000000.0,577000000000.0,631000000000.0,525000000000.0,531000000000.0,615000000000.0,643000000000.0,590000000000.0,619000000000.0,635000000000.0,597000000000.0,627000000000.0,705000000000.0,905000000000.0,1070000000000.0,1150000000000.0,1260000000000.0,1470000000000.0,1630000000000.0,1490000000000.0,1420000000000.0,1480000000000.0,1320000000000.0,1350000000000.0,1370000000000.0,1200000000000.0,1230000000000.0
Sri Lanka,9389548822.0,10574580491.0,11386336856.0,12236617611.0,13868487160.0,15293046613.0,16514983624.0,17872667997.0,18568149865.0,18442315230.0,19131801553.0,18364208140.0,19572825401.0,21609194885.0,23646374864.0,27931971938.0,32365086385.0,37023526063.0,46595310335.0,48143074176.0,56725757648.0,65292742504.0,68434428522.0,74317814120.0,79356462132.0,80604064992.0,82401078588.0
Sudan,9750479371.0,9035111990.0,5652092774.0,7219845477.0,10495557284.0,11406773015.0,7448715521.0,9630720778.0,9239474458.0,8735322317.0,9987370284.0,10713369993.0,12005829599.0,14283776562.0,17322003821.0,21330700832.0,28663757808.0,36516057401.0,48521875941.0,48616619439.0,54678167102.0,68308195420.0,62286757062.0,63933645178.0,78091064273.0,83933524394.0,89671388796.0
Suriname,751794101.0,798546483.7,819813000.0,782981520.7,826803303.9,844223262.0,1053298166.0,1128450527.0,1352969720.0,1117446399.0,1156649180.0,1021024877.0,1339090591.0,1557908979.0,1805684583.0,2193036024.0,2626435431.0,2936441530.0,3532982239.0,3875579116.0,4368336077.0,4422223682.0,4979919917.0,5145693063.0,5240780998.0,4787407675.0,3128968589.0
Swaziland,1254402646.0,1330617840.0,1474649319.0,1492496470.0,1590577715.0,1901652230.0,1793683570.0,1927098015.0,1774168644.0,1730527901.0,1738093759.0,1542462830.0,1432221789.0,2197598421.0,2770043119.0,3178165828.0,3291270498.0,3469373127.0,3294064196.0,3580383129.0,4438739895.0,4820455917.0,4886620379.0,4597677767.0,4422335838.0,4073382048.0,3840709394.0
Sweden,260000000000.0,272000000000.0,282000000000.0,211000000000.0,227000000000.0,265000000000.0,290000000000.0,266000000000.0,269000000000.0,272000000000.0,261000000000.0,241000000000.0,265000000000.0,332000000000.0,383000000000.0,390000000000.0,420000000000.0,488000000000.0,515000000000.0,435000000000.0,495000000000.0,573000000000.0,551000000000.0,585000000000.0,580000000000.0,504000000000.0,516000000000.0
Switzerland,258000000000.0,261000000000.0,272000000000.0,264000000000.0,293000000000.0,343000000000.0,330000000000.0,287000000000.0,295000000000.0,290000000000.0,272000000000.0,279000000000.0,301000000000.0,353000000000.0,394000000000.0,409000000000.0,431000000000.0,480000000000.0,554000000000.0,541000000000.0,584000000000.0,700000000000.0,668000000000.0,689000000000.0,709000000000.0,680000000000.0,671000000000.0
Syria,11158969882.0,12447856351.0,14446511390.0,15554699248.0,12390236741.0,13538886267.0,15141436048.0,16176339762.0,17468375691.0,17806347826.0,19665717391.0,21008326087.0,21782045455.0,20857553398.0,24545808577.0,28396996497.0,33108815445.0,40271781586.0,52557913193.0,54111735242.0,60465112082.0,67296708949.0,46846505442.0,27024216908.0,23120532031.0,19090102132.0,12369108148.0
Taiwan,167000000000.0,188000000000.0,224000000000.0,236000000000.0,257000000000.0,293000000000.0,292000000000.0,302000000000.0,278000000000.0,301000000000.0,327000000000.0,296000000000.0,305000000000.0,316000000000.0,347000000000.0,375000000000.0,388000000000.0,408000000000.0,417000000000.0,392000000000.0,447000000000.0,487000000000.0,497000000000.0,513000000000.0,532000000000.0,527000000000.0,533000000000.0
Tajikistan,2838989374.0,2726616871.0,1980011651.0,1694510034.0,1362056395.0,1218178704.0,1032552351.0,911770553.6,1305606206.0,1074705356.0,860684672.1,1080898655.0,1221032578.0,1555025158.0,2076109931.0,2312319160.0,2830154154.0,3719434401.0,5161237133.0,4979374732.0,5642178104.0,6522753241.0,7633039274.0,8506209190.0,9236649436.0,7854572789.0,6952697100.0
Tanzania,6702978962.0,7575304890.0,6741738430.0,6150958373.0,6347765666.0,7395313228.0,9142521176.0,10743913499.0,11800460566.0,12106209583.0,12717185824.0,12965569366.0,13497248345.0,14563851623.0,16021632617.0,17666721377.0,19440738873.0,22440967534.0,28586253576.0,29825755695.0,32470034393.0,35036091908.0,40488619223.0,46902067399.0,51374885825.0,48743093293.0,51211986901.0
Thailand,88460375357.0,101000000000.0,116000000000.0,129000000000.0,147000000000.0,169000000000.0,183000000000.0,150000000000.0,114000000000.0,127000000000.0,126000000000.0,120000000000.0,134000000000.0,152000000000.0,173000000000.0,189000000000.0,222000000000.0,263000000000.0,291000000000.0,282000000000.0,341000000000.0,371000000000.0,398000000000.0,420000000000.0,407000000000.0,401000000000.0,412000000000.0
Timor-Leste,202988925.0,233866810.0,297479485.0,343430082.0,388340170.0,438116676.0,511530070.0,476074738.0,542814187.0,375548442.0,439646122.0,517708471.0,510677040.0,543315609.0,1078373729.0,1813708128.0,2657842665.0,2881040228.0,4391368105.0,3199666691.0,3998961314.0,5672048723.0,6661664575.0,5637676584.0,4041636957.0,3092624755.0,2503532102.0
Togo,2057076673.0,2032471499.0,2131361594.0,1624507172.0,1259116579.0,1662902953.0,1817563137.0,1850960151.0,1751788791.0,1754989340.0,1488187035.0,1481143006.0,1698681619.0,2111089187.0,2255943860.0,2280576864.0,2349495985.0,2659095647.0,3310276623.0,3365714554.0,3426019389.0,3867389157.0,3873528510.0,4320426547.0,4569129711.0,4177705204.0,4486979682.0
Tonga,162077481.3,195227063.9,192693228.7,190203072.2,194446384.7,203235738.2,220322108.0,212894189.0,189344056.0,195326998.1,189257761.4,166858805.9,181457978.2,207377111.5,237974298.6,261557198.4,291698544.4,304970468.6,342008336.7,326196508.2,373856390.9,448231439.9,465652189.2,439248033.8,448487550.8,400433253.9,421504143.3
Trinidad and Tobago,5081642168.0,5322288064.0,5454158159.0,4589079445.0,4960556700.0,5343524479.0,5775108208.0,5753195184.0,6059950079.0,6827234825.0,8176345593.0,8848501415.0,9032488306.0,11335889860.0,13315911298.0,16025284673.0,18418349472.0,21700420811.0,27945112886.0,19226545950.0,22182351978.0,25501434847.0,25763116756.0,27268451654.0,27615709469.0,25062806691.0,22284942883.0
Tunisia,13519533293.0,14283152303.0,17014057687.0,16038493000.0,17163868140.0,19795279924.0,21504377374.0,20746650346.0,21802989938.0,22943282896.0,21473479281.0,22065937969.0,23141755517.0,27454021010.0,31183954544.0,32272200755.0,34376654491.0,38909892118.0,44855034969.0,43455728112.0,44051142887.0,45811134741.0,45044315894.0,46252254318.0,47633067438.0,43172986903.0,41802042497.0
Turkey,207000000000.0,208000000000.0,219000000000.0,248000000000.0,180000000000.0,233000000000.0,250000000000.0,261000000000.0,276000000000.0,256000000000.0,273000000000.0,200000000000.0,238000000000.0,312000000000.0,405000000000.0,501000000000.0,553000000000.0,676000000000.0,764000000000.0,645000000000.0,772000000000.0,833000000000.0,874000000000.0,951000000000.0,934000000000.0,860000000000.0,864000000000.0
Turkmenistan,3070611279.0,3028253343.0,2633726193.0,2736568446.0,2311474351.0,2190023668.0,2379536804.0,2681073822.0,2861810979.0,3856921350.0,4932302232.0,6753654573.0,8700007803.0,11283436340.0,12166375451.0,14181338866.0,16212839741.0,18489190009.0,21628508266.0,20214381928.0,22583149016.0,29233282484.0,35164320753.0,39197529251.0,43524178677.0,36051576223.0,36169447734.0
Turks and Caicos Islands,105945706.0,119122389.2,133468894.8,152914601.0,171859665.5,190562180.3,214067037.0,235303765.6,265103964.9,294651390.4,319554229.8,358827948.7,366676342.8,409704491.2,485762491.0,578666291.9,721965158.0,773438831.4,862628337.3,703153727.3,686745757.2,728658563.5,715743777.9,740819658.0,824014592.7,893452334.8,950332004.8
Tuvalu,9535789.653,10131743.4,10706728.77,9578663.91,11436897.66,11762503.87,12485158.04,13404741.96,12981362.1,13779301.7,13831160.73,13270294.17,15529227.86,18354037.4,21632343.24,21672844.13,22888630.8,27010376.76,30008313.58,26897288.61,31368864.98,38227411.0,37218497.5,37080596.49,36786098.22,35038170.07,39570164.4
Uganda,4317905629.0,3500301657.0,3759193641.0,3885266819.0,6109850127.0,7148426945.0,7244063316.0,7801395154.0,7493402190.0,7114172173.0,6778749769.0,7046789721.0,7412790849.0,7834563827.0,9375216684.0,11158134925.0,12237265413.0,15057533555.0,18201244901.0,19057174209.0,19683138678.0,21482560430.0,24445694568.0,25713233607.0,27829408911.0,25097892241.0,25423493972.0
Ukraine,93471220727.0,88226480762.0,81261813637.0,71356345513.0,56165717657.0,50375856069.0,46146048337.0,51937955422.0,43374410981.0,32705567687.0,32375077311.0,39309147645.0,43956158115.0,52010354688.0,67217865329.0,89238870828.0,112000000000.0,149000000000.0,188000000000.0,122000000000.0,136000000000.0,163000000000.0,176000000000.0,183000000000.0,134000000000.0,91030962682.0,93355881505.0
United Arab Emirates,51364097926.0,52225920328.0,54948032189.0,56352096225.0,60079921665.0,66603013575.0,74532524993.0,79866431590.0,76663323509.0,85548817116.0,106000000000.0,105000000000.0,111000000000.0,126000000000.0,150000000000.0,183000000000.0,225000000000.0,261000000000.0,320000000000.0,257000000000.0,290000000000.0,351000000000.0,375000000000.0,390000000000.0,403000000000.0,358000000000.0,357000000000.0
United Kingdom,1090000000000.0,1140000000000.0,1180000000000.0,1060000000000.0,1140000000000.0,1340000000000.0,1420000000000.0,1560000000000.0,1650000000000.0,1680000000000.0,1660000000000.0,1640000000000.0,1780000000000.0,2050000000000.0,2420000000000.0,2540000000000.0,2710000000000.0,3100000000000.0,2920000000000.0,2410000000000.0,2480000000000.0,2660000000000.0,2700000000000.0,2790000000000.0,3060000000000.0,2930000000000.0,2690000000000.0
United States,5920000000000.0,6130000000000.0,6520000000000.0,6880000000000.0,7320000000000.0,7680000000000.0,8110000000000.0,8620000000000.0,9090000000000.0,9660000000000.0,10300000000000.0,10600000000000.0,10900000000000.0,11500000000000.0,12200000000000.0,13100000000000.0,13800000000000.0,14500000000000.0,14700000000000.0,14500000000000.0,15000000000000.0,15500000000000.0,16200000000000.0,16800000000000.0,17500000000000.0,18200000000000.0,18700000000000.0
Uruguay,9239410006.0,11095726705.0,14222488562.0,16568213227.0,19298672366.0,21312135006.0,22657111652.0,23969694410.0,25385887793.0,23983881237.0,22823235795.0,20898745732.0,13606528452.0,12045627240.0,13686414175.0,17362818470.0,19579498504.0,23410594965.0,30366193329.0,31660914910.0,40284532661.0,47962297199.0,51264476757.0,57531105336.0,57235986532.0,53274423566.0,52687753747.0
Uzbekistan,17670079318.0,18177755375.0,16509707134.0,16513041616.0,15988809078.0,16177155385.0,16753410606.0,18641127096.0,17994383050.0,20507848212.0,16520375874.0,11074181653.0,11721821259.0,12056705980.0,14344361261.0,17085008019.0,20624376335.0,26534599860.0,35192722326.0,40170451444.0,46909048901.0,56808238729.0,64003302961.0,68997171957.0,76658559241.0,81847407109.0,81779024315.0
Vanuatu,171486276.9,204240383.3,213051740.5,219335699.6,240475740.6,272638194.6,283346647.5,285281376.6,259835075.3,264996692.7,264963753.1,254945641.4,264229041.6,314456626.3,364989716.8,394962431.8,439395108.3,526409121.0,607947993.7,610058489.3,700818879.4,792166318.5,781721672.6,801793804.3,814950466.2,759683661.9,804316626.9
Venezuela,48598315565.0,53476971831.0,60401798246.0,60065011013.0,58418666667.0,77407726244.0,70543211119.0,85843534589.0,91331203433.0,97976886247.0,117000000000.0,123000000000.0,92893587734.0,83620628582.0,112000000000.0,146000000000.0,183000000000.0,230000000000.0,316000000000.0,330000000000.0,393000000000.0,316000000000.0,381000000000.0,371000000000.0,482000000000.0,516000000000.0,432000000000.0
Vietnam,6471740806.0,9613369520.0,9866990236.0,13180953598.0,16286433533.0,20736164459.0,24657470575.0,26843700442.0,27209602050.0,28683659007.0,31172518403.0,32685198735.0,35064105501.0,39552513316.0,45427854693.0,57633255618.0,66371664817.0,77414425532.0,99130304099.0,106000000000.0,116000000000.0,136000000000.0,156000000000.0,171000000000.0,186000000000.0,193000000000.0,205000000000.0
Yemen,4028716803.0,4177918237.0,4482479118.0,4775367486.0,4982872107.0,5934612869.0,7283682336.0,7796852518.0,7250959105.0,8693543237.0,10864562211.0,11240443501.0,12247083588.0,13555491234.0,15616651126.0,19041169611.0,22812478533.0,25633673565.0,30397205900.0,28459508034.0,30906750483.0,31078856065.0,32074765779.0,34755291401.0,33224136438.0,26660288242.0,24742605541.0
Zambia,3794812311.0,3376809154.0,3307307473.0,3273506998.0,3656870052.0,3806998489.0,3597237567.0,4303317876.0,3537730382.0,3404286916.0,3600629684.0,4094453523.0,4193841463.0,4901868417.0,6221109184.0,8331861872.0,12756951446.0,14056884797.0,17911047148.0,15328308168.0,20265403474.0,24487586168.0,24848203622.0,26585261231.0,26693151022.0,20858975561.0,21452652278.0
Zimbabwe,13560115748.0,12652488504.0,10433676807.0,10135151836.0,10656140177.0,11063290333.0,13466387033.0,13854142254.0,9705762213.0,9225081910.0,8720519000.0,8659183864.0,8215470109.0,7746499987.0,7416272528.0,7189090761.0,7048950684.0,6958293672.0,6348182789.0,9665790178.0,12041659919.0,14101921401.0,17114848575.0,19091027137.0,19495523936.0,19963139401.0,20548688325.0
