,Country,1990,1991,1992,1993,1994,1995,1996,1997,1998,1999,2000,2001,2002,2003,2004,2005,2006,2007,2008,2009,2010,2011,2012,2013,2014,2015,2016
0,Aruba,2.303,2.314,2.277,2.226,2.125,2.19,2.153,2.144,1.957,1.869,1.904,1.833,1.763,1.747,1.683,1.777,1.909,1.928,1.935,1.919,1.941,1.962,2.028,2.117,2.148,1.972,1.953
1,Africa Eastern and Southern,6.166608433,6.099857592,6.028338927,5.958972822,5.897441928,5.844759129,5.774864412,5.701465536,5.643221725,5.586987665,5.523553161,5.481624425,5.430474544,5.380846459,5.3431591,5.307119921,5.267690871,5.22457528,5.192591976,5.115156232,5.040796761,4.962610902,4.879017916,4.808821469,4.739862875,4.677619355,4.615671383
2,Afghanistan,7.565,7.606,7.665,7.719,7.717,7.712,7.709,7.667,7.642,7.599,7.534,7.446,7.339,7.22,7.069,6.905,6.722,6.53,6.376,6.235,6.099,5.958,5.83,5.696,5.56,5.405,5.262
3,Africa Western and Central,6.518278309,6.470555759,6.418304491,6.36246401,6.29623651,6.235698274,6.170298536,6.101633075,6.043930842,6.029578916,6.023178689,5.995954745,5.96726652,5.931998623,5.887566948,5.864603866,5.84537989,5.815814148,5.788524837,5.749042546,5.699552217,5.645672256,5.580892357,5.506349793,5.437493408,5.385059308,5.328709231
4,Angola,7.272,7.208,7.138,7.065,6.99,6.918,6.851,6.789,6.732,6.683,6.639,6.601,6.567,6.533,6.499,6.461,6.419,6.372,6.32,6.26,6.194,6.12,6.039,5.953,5.864,5.774,5.686
5,Albania,2.9,2.826,2.767,2.707,2.707,2.685,2.615,2.497,2.397,2.318,2.231,2.15,2.036,1.978,1.89,1.803,1.724,1.671,1.648,1.647,1.656,1.671,1.692,1.697,1.674,1.613,1.551
6,Andorra,,,,,,,,,,,,,,,,,1.24,1.18,1.25,1.19,1.27,,,,,,
7,Arab World,5.147725739,5.006259957,4.893889194,4.747600123,4.607987207,4.442823499,4.284371879,4.165163299,4.061640007,3.962702547,3.878588745,3.807783351,3.727368844,3.670690298,3.616683986,3.576595706,3.547509218,3.532149151,3.508533049,3.492780035,3.504198074,3.508021357,3.51281506,3.513518157,3.500174252,3.471038097,3.371357813
8,United Arab Emirates,4.537,4.252,4.09,3.817,3.765,3.274,3.232,3.062,2.907,2.793,2.733,2.621,2.54,2.491,2.384,2.204,2.072,1.99,1.917,1.852,1.79,1.724,1.666,1.602,1.545,1.486,1.438
9,Argentina,3.034,3.012,2.987,2.966,2.935,2.864,2.781,2.706,2.662,2.643,2.591,2.531,2.493,2.451,2.43,2.426,2.4,2.37,2.341,2.344,2.346,2.338,2.33,2.322,2.312,2.301,2.241
10,Armenia,2.713,2.645,2.508,2.315,2.167,2.055,1.97,1.892,1.791,1.709,1.603,1.544,1.525,1.534,1.541,1.54,1.349,1.418,1.441,1.551,1.501,1.5,1.6,1.6,1.703,1.602,1.626
11,American Samoa,,,,,,,,,,,,,,,,,,,,,,,,,,,
12,Antigua and Barbuda,2.249,2.036,2.126,2.036,2.069,2.159,2.266,2.19,2.017,1.956,2.196,2.018,1.94,1.887,1.852,1.832,1.831,1.86,2.042,2.006,1.785,1.746,1.655,1.537,1.526,1.567,1.458
13,Australia,1.902,1.849,1.888,1.859,1.842,1.822,1.796,1.778,1.762,1.755,1.756,1.739,1.756,1.748,1.768,1.807,1.908,1.959,1.984,1.971,1.928,1.926,1.92,1.855,1.826,1.814,1.752
14,Austria,1.46,1.51,1.51,1.5,1.47,1.42,1.45,1.39,1.37,1.34,1.36,1.33,1.39,1.38,1.42,1.41,1.41,1.38,1.42,1.39,1.44,1.43,1.44,1.44,1.46,1.49,1.53
15,Azerbaijan,2.74,2.87,2.74,2.7,2.52,2.29,2.06,2.07,2.0,2.07,2.0,1.8,1.8,1.9,2.0535,2.0,1.97,1.97,1.9,1.82,1.92,1.96,2.0,1.98,1.97,1.94,1.9
16,Burundi,7.365,7.336,7.301,7.272,7.23,7.184,7.123,7.04,6.958,6.897,6.872,6.849,6.819,6.785,6.746,6.708,6.659,6.588,6.515,6.409,6.26,6.108,5.991,5.889,5.794,5.695,5.587
17,Belgium,1.62,1.66,1.65,1.61,1.56,1.56,1.59,1.6,1.6,1.62,1.67,1.67,1.65,1.67,1.72,1.76,1.8,1.82,1.85,1.84,1.86,1.81,1.8,1.76,1.74,1.7,1.68
18,Benin,6.732,6.667,6.596,6.506,6.413,6.314,6.261,6.204,6.097,5.998,5.89,5.824,5.777,5.77,5.721,5.676,5.636,5.563,5.483,5.436,5.39,5.366,5.347,5.345,5.348,5.319,5.303
19,Burkina Faso,7.009,6.973,6.936,6.889,6.843,6.814,6.779,6.724,6.661,6.586,6.519,6.431,6.339,6.28,6.216,6.182,6.17,6.11,6.05,5.992,5.936,5.869,5.793,5.697,5.595,5.478,5.324
20,Bangladesh,4.479,4.24,4.026,3.852,3.774,3.605,3.504,3.491,3.393,3.304,3.218,3.146,3.084,3.002,2.914,2.808,2.712,2.626,2.535,2.44,2.34,2.262,2.209,2.184,2.152,2.114,2.097
21,Bulgaria,1.82,1.66,1.55,1.46,1.37,1.23,1.23,1.09,1.11,1.23,1.26,1.21,1.23,1.26,1.33,1.37,1.44,1.49,1.56,1.66,1.57,1.51,1.5,1.48,1.53,1.53,1.54
22,Bahrain,3.758,3.593,3.519,3.415,3.263,3.127,3.007,2.936,2.889,2.869,2.778,2.664,2.69,2.727,2.71,2.619,2.455,2.289,2.172,2.087,2.053,2.093,2.161,2.164,2.158,2.131,2.073
23,"Bahamas, The",2.527,2.604,2.793,2.728,2.482,2.504,2.36,2.399,2.335,2.133,2.097,2.088,1.998,1.921,1.932,2.05,1.786,1.852,1.99,2.009,1.835,1.739,1.744,1.51,1.673,1.576,1.496
24,Bosnia and Herzegovina,1.794,1.798,1.773,1.741,1.705,1.676,1.651,1.677,1.554,1.37,1.283,1.232,1.23,1.22,1.219,1.203,1.186,1.252,1.276,1.299,1.276,1.216,1.29,1.276,1.262,1.289,1.324
25,Belarus,1.913,1.805,1.764,1.623,1.533,1.406,1.335,1.25,1.3,1.31,1.317,1.286,1.24,1.232,1.233,1.252,1.335,1.429,1.488,1.509,1.494,1.515,1.62,1.668,1.696,1.724,1.733
26,Belize,4.698,4.483,4.348,4.198,3.999,3.948,3.852,3.854,3.785,3.714,3.634,3.554,3.465,3.321,3.207,3.129,2.982,2.874,2.799,2.701,2.606,2.585,2.555,2.53,2.491,2.438,2.394
27,Bermuda,1.687,1.729,1.708,1.691,1.684,1.679,1.698,1.692,1.799,1.807,1.74,1.75,1.77,1.8,1.78,1.76,1.76,1.76,1.77,1.76,1.7,1.6,1.6,1.6,1.4,1.4,1.4
28,Bolivia,4.89,4.81,4.713,4.592,4.494,4.409,4.336,4.219,4.149,4.09,3.991,3.89,3.802,3.721,3.633,3.558,3.533,3.447,3.364,3.287,3.213,3.143,3.076,3.01,2.947,2.886,2.829
29,Brazil,2.905,2.815,2.719,2.672,2.617,2.579,2.516,2.465,2.409,2.331,2.255,2.183,2.103,2.023,2.002,1.974,1.927,1.881,1.842,1.825,1.81,1.8,1.767,1.748,1.767,1.777,1.709
30,Barbados,1.74,1.733,1.728,1.725,1.725,1.727,1.732,1.74,1.75,1.762,1.775,1.785,1.793,1.797,1.795,1.788,1.775,1.757,1.735,1.711,1.687,1.665,1.645,1.63,1.62,1.614,1.613
31,Brunei Darussalam,3.29,3.206,3.111,3.007,2.897,2.785,2.677,2.578,2.489,2.413,2.346,2.284,2.22,2.154,2.086,2.022,1.969,1.933,1.918,1.921,1.937,1.957,1.973,1.978,1.969,1.947,1.915
32,Bhutan,5.604,5.451,5.267,5.072,4.866,4.624,4.369,4.088,3.853,3.607,3.414,3.232,3.078,2.916,2.893,2.798,2.669,2.59,2.496,2.381,2.296,2.21,2.138,2.087,2.027,1.957,1.835
33,Botswana,4.487,4.339,4.229,4.13,4.009,3.803,3.6,3.458,3.396,3.342,3.312,3.261,3.181,3.11,3.073,3.08,3.091,3.082,3.066,3.045,3.023,2.999,2.981,2.964,2.951,2.942,2.93
34,Central African Republic,6.045,6.032,5.975,5.94,5.933,5.972,5.989,5.96,5.934,5.933,5.915,5.851,5.836,5.852,5.827,5.849,5.867,5.892,5.914,5.922,5.937,5.963,6.006,6.017,6.024,6.035,6.04
35,Canada,1.83,1.72,1.71,1.69,1.69,1.67,1.63,1.57,1.56,1.55,1.51,1.54,1.52,1.55,1.56,1.58,1.63,1.67,1.7,1.69,1.65,1.63,1.63,1.61,1.61,1.6,1.59
36,Central Europe and the Baltics,1.930877931,1.854967297,1.750513626,1.670418603,1.589757452,1.468543352,1.429257186,1.38152684,1.338433543,1.307930019,1.317792855,1.27553084,1.253432116,1.251157257,1.276563805,1.312790744,1.342095881,1.381307203,1.46354969,1.48774045,1.461875645,1.39337113,1.416054121,1.387737063,1.442974424,1.462299899,1.52235081
37,Switzerland,1.58,1.58,1.58,1.51,1.49,1.48,1.5,1.48,1.47,1.48,1.5,1.38,1.39,1.39,1.42,1.42,1.44,1.46,1.48,1.5,1.52,1.52,1.52,1.52,1.54,1.54,1.54
38,Channel Islands,1.509,1.522,1.541,1.548,1.545,1.54,1.538,1.535,1.528,1.51,1.487,1.475,1.469,1.497,1.519,1.542,1.579,1.616,1.648,1.651,1.633,1.626,1.604,1.572,1.556,1.521,1.507
39,Chile,2.579,2.558,2.478,2.43,2.377,2.303,2.245,2.177,2.112,2.044,1.987,1.961,1.935,1.873,1.826,1.803,1.803,1.826,1.85,1.855,1.844,1.823,1.798,1.786,1.774,1.737,1.676
40,China,2.514,1.934,1.776,1.691,1.628,1.588,1.554,1.527,1.522,1.53,1.628,1.563,1.566,1.57,1.605,1.624,1.644,1.666,1.701,1.714,1.687,1.668,1.798,1.714,1.769,1.67,1.772
41,Cote d'Ivoire,6.73,6.606,6.456,6.306,6.161,6.089,6.005,5.951,5.896,5.847,5.814,5.756,5.705,5.642,5.545,5.46,5.376,5.296,5.221,5.152,5.088,5.029,4.974,4.92,4.867,4.813,4.759
42,Cameroon,6.392,6.347,6.29,6.194,6.082,5.955,5.828,5.723,5.668,5.629,5.53,5.443,5.458,5.463,5.45,5.407,5.354,5.331,5.278,5.227,5.16,5.058,4.989,4.914,4.855,4.832,4.818
43,"Congo, Dem. Rep.",6.702,6.685,6.667,6.644,6.668,6.712,6.72,6.729,6.73,6.721,6.718,6.7,6.672,6.64,6.618,6.597,6.59,6.582,6.578,6.591,6.587,6.582,6.559,6.527,6.483,6.437,6.392
44,"Congo, Rep.",5.214,5.16,5.111,5.057,5.0,4.973,4.966,4.962,4.926,4.853,4.764,4.712,4.719,4.7,4.687,4.663,4.656,4.666,4.733,4.792,4.822,4.791,4.75,4.691,4.626,4.564,4.487
45,Colombia,3.082,3.047,3.01,2.967,2.918,2.862,2.802,2.742,2.683,2.627,2.572,2.516,2.458,2.395,2.33,2.263,2.198,2.137,2.081,2.033,1.992,1.958,1.93,1.905,1.883,1.863,1.843
46,Comoros,6.497,6.358,6.205,6.052,5.897,5.784,5.69,5.593,5.492,5.372,5.297,5.254,5.206,5.149,5.095,5.03,4.955,4.882,4.826,4.791,4.759,4.721,4.641,4.568,4.492,4.418,4.348
47,Cabo Verde,5.392,5.259,5.102,4.921,4.72,4.505,4.287,4.074,3.876,3.697,3.539,3.399,3.271,3.151,3.038,2.933,2.839,2.757,2.687,2.629,2.474,2.471,2.282,2.198,2.17,2.117,2.123
48,Costa Rica,3.205,3.119,3.037,2.964,2.888,2.804,2.71,2.64,2.534,2.48,2.412,2.325,2.2,2.137,2.078,2.044,2.014,2.012,2.021,1.982,1.928,1.902,1.876,1.838,1.819,1.79,1.754
49,Caribbean small states,2.804536315,2.793591869,2.795558001,2.758463622,2.70568141,2.655162167,2.545273801,2.521623174,2.471147741,2.392348327,2.285250885,2.252337059,2.2153266,2.184314548,2.16514586,2.133185786,2.111035088,2.042755802,2.03656827,2.011308878,1.942048396,1.926137334,1.905785841,1.859572533,1.833452364,1.827001942,1.784236858
50,Cuba,1.804,1.658,1.561,1.491,1.461,1.471,1.437,1.563,1.588,1.618,1.581,1.563,1.608,1.589,1.517,1.468,1.39,1.428,1.575,1.688,1.693,1.756,1.681,1.688,1.663,1.694,1.609
51,Curacao,2.304,2.294,2.276,2.252,2.223,2.194,2.172,2.16,2.16,2.171,2.19,2.212,2.23,2.241,2.242,2.235,2.1,2.0,2.2,2.1,2.2,2.1,2.2,2.1,2.0,1.9,1.7
52,Cayman Islands,,,,,,,,,,,,,,,,,,,,,,,,,,,
53,Cyprus,2.405,2.336,2.461,2.247,2.167,2.033,1.953,1.858,1.764,1.674,1.637,1.563,1.498,1.509,1.517,1.48,1.515,1.451,1.48,1.481,1.438,1.36,1.386,1.305,1.315,1.326,1.36
54,Czechia,1.9,1.86,1.71,1.67,1.44,1.28,1.18,1.17,1.16,1.13,1.15,1.15,1.17,1.18,1.23,1.29,1.34,1.45,1.51,1.51,1.51,1.43,1.45,1.46,1.53,1.57,1.63
55,Germany,1.45,1.33,1.29,1.28,1.24,1.25,1.3,1.35,1.36,1.36,1.38,1.35,1.34,1.34,1.36,1.34,1.33,1.37,1.38,1.36,1.39,1.39,1.41,1.42,1.47,1.5,1.6
56,Djibouti,5.982,5.877,5.774,5.663,5.529,5.34,5.153,4.957,4.777,4.67,4.578,4.496,4.379,4.247,4.113,3.992,3.855,3.724,3.589,3.487,3.39,3.305,3.237,3.178,3.112,3.066,3.011
57,Dominica,2.96,3.067,3.281,3.102,2.874,2.673,2.519,2.392,2.333,2.554,2.351,2.542,2.276,2.169,2.125,2.105,2.158,2.094,2.027,1.96,1.915,1.871,1.824,1.772,1.734,1.694,1.657
58,Denmark,1.67,1.68,1.76,1.75,1.81,1.8,1.75,1.75,1.72,1.73,1.77,1.74,1.72,1.76,1.78,1.8,1.85,1.84,1.89,1.84,1.87,1.75,1.73,1.67,1.69,1.71,1.79
59,Dominican Republic,3.411,3.349,3.287,3.226,3.163,3.101,3.04,2.953,2.873,2.865,2.859,2.812,2.774,2.721,2.664,2.605,2.533,2.51,2.533,2.556,2.538,2.513,2.485,2.466,2.445,2.43,2.406
60,Algeria,4.556,4.386,4.257,4.059,3.846,3.456,3.136,2.897,2.712,2.624,2.566,2.507,2.456,2.481,2.512,2.555,2.604,2.677,2.753,2.813,2.843,2.88,2.956,2.957,3.004,3.041,3.051
61,East Asia & Pacific (excluding high income),2.733835856,2.302364757,2.165939105,2.085842769,2.021038015,1.972921103,1.931587902,1.895677129,1.870469479,1.85633559,1.913126134,1.860510598,1.853669681,1.847193521,1.865432446,1.874417653,1.886814414,1.906630248,1.92917316,1.932609232,1.905639259,1.89326515,1.982327818,1.918201277,1.948956039,1.874163323,1.933890771
62,Early-demographic dividend,4.244671984,4.149723609,4.045227994,3.949308266,3.856909995,3.763620924,3.674171852,3.592299109,3.511425865,3.439400966,3.381432158,3.327621693,3.251619464,3.175457073,3.114955681,3.05290903,2.992997715,2.949027786,2.902227844,2.857056442,2.805485391,2.761281267,2.721648233,2.680914329,2.620945266,2.589188786,2.554310096
63,East Asia & Pacific,2.601744596,2.222993334,2.103228111,2.027987057,1.973303324,1.925571132,1.887582149,1.852801941,1.824402306,1.810468966,1.866339845,1.810035783,1.800201409,1.792346647,1.808482156,1.813786335,1.830535854,1.853304029,1.873581682,1.87554169,1.852566669,1.844253132,1.929960932,1.866711906,1.895685742,1.830031815,1.881301624
64,Europe & Central Asia (excluding high income),2.374228814,2.283538528,2.148789491,2.022474249,1.976402903,1.921180706,1.848367712,1.776998006,1.734829985,1.674561765,1.665584422,1.667425874,1.66626841,1.668667619,1.70755296,1.681474778,1.713674315,1.781436576,1.852436606,1.865443427,1.864057914,1.865416439,1.92712396,1.951924511,1.996891058,2.012298494,1.995802939
65,Europe & Central Asia,1.96258246,1.899418476,1.821896801,1.745722357,1.704169738,1.659548236,1.629277399,1.600283174,1.576231561,1.548410667,1.558477415,1.549493147,1.5483341,1.559716173,1.591934697,1.586487528,1.617883851,1.661684922,1.721046501,1.721963548,1.728073282,1.712802068,1.742286354,1.735381157,1.767886572,1.775759978,1.781453097
66,Ecuador,3.744,3.665,3.591,3.524,3.461,3.403,3.345,3.288,3.228,3.166,3.102,3.037,2.972,2.911,2.853,2.8,2.753,2.711,2.675,2.643,2.615,2.596,2.517,2.419,2.335,2.26,2.201
67,"Egypt, Arab Rep.",4.484,4.304,4.253,4.103,3.967,3.844,3.733,3.654,3.617,3.524,3.442,3.394,3.318,3.261,3.181,3.151,3.109,3.12,3.101,3.108,3.213,3.247,3.335,3.419,3.441,3.436,3.203
68,Euro area,1.534357104,1.488930585,1.468130515,1.435083859,1.39780378,1.382946382,1.396028002,1.416507017,1.417357,1.430950249,1.470528955,1.456513955,1.459251373,1.473695482,1.496317594,1.500288061,1.52381047,1.540696757,1.581208002,1.564524922,1.580441559,1.561863178,1.554376989,1.530265352,1.551353239,1.549871073,1.569396929
69,Eritrea,6.338,6.242,6.156,6.069,6.005,5.939,5.841,5.743,5.633,5.516,5.397,5.306,5.233,5.143,5.036,4.934,4.881,4.812,4.737,4.656,4.571,4.486,4.407,4.335,4.273,4.217,4.164
70,Spain,1.36,1.33,1.31,1.26,1.19,1.16,1.14,1.15,1.13,1.17,1.22,1.23,1.25,1.3,1.31,1.33,1.36,1.38,1.45,1.38,1.37,1.34,1.32,1.27,1.32,1.33,1.34
71,Estonia,2.05,1.8,1.71,1.49,1.42,1.38,1.37,1.32,1.28,1.3,1.36,1.32,1.36,1.37,1.47,1.52,1.58,1.69,1.72,1.7,1.72,1.61,1.56,1.52,1.54,1.58,1.6
72,Ethiopia,7.238,7.207,7.157,7.125,7.076,7.008,6.923,6.85,6.753,6.646,6.56,6.463,6.374,6.24,6.107,5.973,5.853,5.74,5.571,5.39,5.217,5.05,4.883,4.724,4.609,4.531,4.469
73,European Union,1.635224583,1.584116026,1.545369543,1.502751411,1.457719322,1.415090022,1.41307849,1.415455307,1.405198203,1.407532348,1.44091615,1.422632387,1.42081554,1.43222354,1.455850803,1.467854283,1.494580079,1.516448682,1.566373428,1.558945626,1.566457354,1.532606251,1.533264796,1.507084438,1.535150704,1.537301584,1.566499404
74,Fragile and conflict affected situations,5.618136749,5.569842583,5.517824014,5.465821006,5.419105753,5.372313377,5.31199181,5.257234087,5.204796708,5.172973672,5.152504583,5.126751117,5.102545013,5.072087657,5.03489757,4.995211554,4.976003786,4.951452164,4.934896792,4.907118535,4.869977321,4.833288088,4.786631452,4.7330244,4.683958113,4.642502551,4.599381233
75,Finland,1.78,1.79,1.85,1.81,1.85,1.81,1.78,1.75,1.7,1.73,1.73,1.73,1.72,1.76,1.8,1.8,1.84,1.83,1.85,1.86,1.87,1.83,1.8,1.75,1.71,1.65,1.57
76,Fiji,3.414,3.38,3.355,3.315,3.273,3.267,3.262,3.2,3.128,3.073,3.026,2.999,2.976,2.956,2.924,2.885,2.911,2.886,2.859,2.806,2.746,2.685,2.666,2.662,2.657,2.642,2.605
77,France,1.77,1.75,1.74,1.73,1.73,1.74,1.75,1.77,1.78,1.81,1.89,1.9,1.88,1.89,1.92,1.94,2.0,1.98,2.01,2.0,2.03,2.01,2.01,1.99,2.0,1.96,1.92
78,Faroe Islands,2.798,2.628,2.524,2.509,2.392,2.456,2.584,2.514,2.336,2.325,2.582,2.336,2.559,2.54,2.592,2.637,2.503,2.566,2.579,2.375,2.514,2.311,2.572,2.537,2.563,2.427,2.625
79,"Micronesia, Fed. Sts.",4.958,4.882,4.82,4.766,4.716,4.655,4.617,4.55,4.479,4.395,4.279,4.116,3.961,3.82,3.706,3.598,3.489,3.409,3.345,3.295,3.236,3.18,3.13,3.087,3.032,2.971,2.942
80,Gabon,5.459,5.373,5.289,5.186,5.044,4.884,4.742,4.657,4.576,4.502,4.469,4.417,4.36,4.299,4.252,4.21,4.17,4.142,4.118,4.138,4.153,4.151,4.086,4.019,3.953,3.889,3.817
81,United Kingdom,1.83,1.82,1.79,1.76,1.74,1.71,1.73,1.72,1.71,1.68,1.64,1.63,1.63,1.7,1.75,1.76,1.82,1.86,1.91,1.89,1.92,1.91,1.92,1.83,1.81,1.8,1.79
82,Georgia,2.306,2.262,2.134,2.012,1.917,1.853,1.792,1.742,1.687,1.629,1.601,1.57,1.563,1.55,1.592,1.61,1.622,1.674,1.762,1.871,1.919,1.918,1.938,2.017,2.115,2.204,2.198
83,Ghana,5.712,5.587,5.465,5.362,5.19,5.067,4.931,4.865,4.836,4.838,4.854,4.794,4.723,4.627,4.531,4.538,4.41,4.307,4.25,4.214,4.206,4.193,4.183,4.136,4.05,4.05,3.911
84,Gibraltar,2.443,2.464,2.484,2.498,2.518,2.536,2.52,2.335,2.178,2.041,1.919,1.8,1.666,1.659,1.678,1.697,1.713,1.736,1.762,1.797,1.838,1.872,1.893,1.834,2.014,2.186,1.94
85,Guinea,6.627,6.592,6.553,6.492,6.409,6.335,6.249,6.162,6.076,6.009,5.936,5.85,5.793,5.737,5.719,5.698,5.659,5.617,5.558,5.508,5.397,5.296,5.195,5.116,5.049,5.022,4.926
86,"Gambia, The",6.218,6.173,6.105,6.043,6.037,6.008,5.956,5.922,5.93,5.871,5.801,5.752,5.728,5.699,5.705,5.719,5.757,5.734,5.708,5.685,5.669,5.64,5.586,5.51,5.416,5.314,5.197
87,Guinea-Bissau,6.507,6.452,6.402,6.323,6.258,6.172,6.092,6.008,5.898,5.793,5.72,5.63,5.612,5.566,5.5,5.454,5.417,5.399,5.274,5.152,5.061,5.047,5.003,4.937,4.802,4.671,4.531
88,Equatorial Guinea,5.987,5.985,5.984,5.981,5.978,5.971,5.96,5.941,5.914,5.878,5.834,5.785,5.731,5.675,5.618,5.559,5.498,5.433,5.363,5.288,5.209,5.126,5.04,4.952,4.863,4.774,4.686
89,Greece,1.39,1.37,1.36,1.32,1.33,1.28,1.26,1.27,1.24,1.23,1.25,1.25,1.28,1.29,1.31,1.34,1.4,1.41,1.5,1.5,1.48,1.4,1.34,1.29,1.3,1.33,1.38
90,Grenada,3.489,3.506,3.323,3.109,3.035,2.989,2.987,2.989,2.652,2.536,2.582,2.512,2.455,2.409,2.373,2.344,2.321,2.301,2.282,2.262,2.24,2.217,2.194,2.171,2.148,2.126,2.104
91,Greenland,2.444,2.421,2.607,2.578,2.527,2.512,2.493,2.69,2.457,2.415,2.329,2.51,2.566,2.372,2.415,2.377,2.256,2.299,2.247,2.359,2.195,2.117,2.019,2.077,2.037,2.01,2.0
92,Guatemala,5.48,5.377,5.314,5.254,5.191,5.105,5.008,4.906,4.8,4.687,4.583,4.502,4.371,4.25,4.134,3.974,3.845,3.716,3.571,3.465,3.375,3.292,3.219,3.151,3.088,3.029,2.973
93,Guam,3.048,3.041,3.034,3.027,3.026,3.024,3.033,3.035,3.045,3.026,3.007,2.957,2.706,2.782,2.913,2.763,2.942,3.034,3.02,2.987,2.973,2.865,3.115,2.874,2.943,2.922,2.952
94,Guyana,3.069,3.063,3.066,3.071,3.074,3.074,3.069,3.061,3.05,3.036,3.017,2.992,2.961,2.924,2.883,2.84,2.797,2.755,2.718,2.684,2.655,2.63,2.606,2.582,2.558,2.534,2.509
95,High income,1.850801251,1.823838589,1.801951407,1.766080273,1.746737486,1.709780963,1.702606091,1.692293081,1.679477385,1.674738807,1.705346562,1.668539532,1.652550982,1.66000817,1.66838379,1.667220267,1.707444566,1.733651485,1.742850133,1.71620083,1.702779143,1.684656339,1.692306814,1.659337839,1.671888397,1.66965807,1.664966556
96,"Hong Kong SAR, China",1.272,1.281,1.347,1.342,1.355,1.295,1.191,1.127,1.016,0.981,1.032,0.931,0.941,0.901,0.922,0.959,0.984,1.028,1.064,1.055,1.127,1.204,1.285,1.125,1.235,1.196,1.205
97,Honduras,5.291,5.183,5.089,4.995,4.891,4.758,4.639,4.527,4.448,4.361,4.237,4.098,3.956,3.815,3.677,3.545,3.419,3.296,3.177,3.063,2.957,2.86,2.774,2.699,2.635,2.581,2.536
98,Heavily indebted poor countries (HIPC),6.581766104,6.528235399,6.478305427,6.427181752,6.369789878,6.319555322,6.262777587,6.212327572,6.157614228,6.104486273,6.047038014,5.987076403,5.930700222,5.871908408,5.810055197,5.755725102,5.697254596,5.629646101,5.561182611,5.495362022,5.422791727,5.340281052,5.252198715,5.176237788,5.099249506,5.032747102,4.962558035
99,Croatia,1.63,1.53,1.48,1.52,1.47,1.58,1.67,1.69,1.45,1.38,1.39,1.46,1.42,1.41,1.43,1.5,1.47,1.48,1.47,1.5,1.46,1.41,1.52,1.46,1.46,1.41,1.43
100,Haiti,5.483,5.317,5.208,5.099,4.991,4.884,4.777,4.669,4.561,4.452,4.39,4.248,4.125,4.038,3.939,3.833,3.735,3.643,3.567,3.508,3.47,3.411,3.302,3.216,3.157,3.108,3.062
101,Hungary,1.87,1.87,1.77,1.68,1.64,1.57,1.46,1.37,1.32,1.28,1.32,1.31,1.3,1.27,1.28,1.31,1.34,1.32,1.35,1.32,1.25,1.23,1.34,1.35,1.44,1.45,1.53
102,IBRD only,3.146075779,2.889019093,2.774353513,2.689601875,2.62068678,2.555596523,2.496827838,2.44272188,2.400656453,2.364004799,2.374141472,2.329933103,2.296035567,2.265837289,2.257243448,2.237675736,2.220713294,2.213733155,2.215359391,2.207022733,2.180635048,2.160422001,2.190999654,2.148372642,2.140194144,2.100571866,2.110700841
103,IDA & IBRD total,3.645336969,3.423819747,3.317930685,3.237499763,3.171574463,3.108506514,3.048100536,2.994369028,2.949320413,2.91323674,2.914964888,2.873588916,2.841406477,2.809063601,2.79483047,2.771721936,2.753305953,2.746212044,2.74323839,2.73052573,2.701875087,2.677815102,2.693141742,2.655475212,2.643193303,2.60856536,2.61240145
104,IDA total,5.875846117,5.793153904,5.704573727,5.619315604,5.541387904,5.463043641,5.373159212,5.299586225,5.217493706,5.155328003,5.092432646,5.03245279,4.978327939,4.909024783,4.844696798,4.779665525,4.724861201,4.683452371,4.631079772,4.571703991,4.503698516,4.436183494,4.370897122,4.31903875,4.262325879,4.212281878,4.163396888
105,IDA blend,6.107215909,6.051859294,5.965899223,5.873086511,5.7792049,5.705207252,5.603507372,5.496359452,5.393610596,5.335952933,5.273978979,5.206414162,5.153795253,5.071594951,5.00635471,4.937030467,4.890504384,4.891953244,4.860403918,4.801591902,4.727818318,4.657545092,4.586885577,4.527565502,4.457277106,4.397299765,4.345716249
106,Indonesia,3.098,3.056,2.942,2.882,2.838,2.798,2.77,2.738,2.655,2.578,2.536,2.497,2.456,2.428,2.418,2.433,2.453,2.491,2.479,2.459,2.452,2.499,2.49,2.427,2.389,2.345,2.309
107,IDA only,5.765744553,5.669640707,5.580209255,5.499054687,5.428796574,5.348279453,5.263461635,5.205347697,5.132717508,5.067983964,5.003993227,4.947078124,4.892076467,4.829180264,4.765256406,4.702324302,4.643480336,4.58096384,4.518193133,4.458347039,4.392976405,4.326809721,4.264414607,4.216500737,4.166745574,4.121853237,4.074614348
108,Isle of Man,1.924,1.925,1.826,1.823,1.9,1.822,1.717,1.812,1.9,1.798,1.694,1.778,1.853,1.767,1.762,1.851,1.894,1.939,2.066,2.19,2.17,1.956,1.885,1.853,1.737,1.711,1.691
109,India,4.045,3.959,3.877,3.799,3.723,3.651,3.582,3.514,3.446,3.383,3.35,3.303,3.217,3.122,3.046,2.958,2.864,2.784,2.718,2.673,2.603,2.536,2.467,2.406,2.306,2.287,2.273
110,Not classified,,,,,,,,,,,,,,,,,,,,,,,,,,,
111,Ireland,2.11,2.08,1.99,1.9,1.85,1.84,1.88,1.93,1.94,1.9,1.89,1.94,1.97,1.96,1.93,1.86,1.91,2.01,2.06,2.06,2.05,2.03,1.98,1.93,1.89,1.85,1.81
112,"Iran, Islamic Rep.",4.863,4.506,4.082,3.683,3.271,2.885,2.566,2.333,2.197,2.099,2.016,1.94,1.865,1.824,1.796,1.775,1.771,1.768,1.767,1.766,1.768,1.8,1.886,1.961,2.036,2.053,2.07
113,Iraq,5.884,5.81,5.72,5.64,5.528,5.398,5.285,5.244,5.154,5.056,4.948,4.837,4.706,4.615,4.575,4.475,4.436,4.371,4.342,4.362,4.429,4.536,4.477,4.378,4.283,4.09,3.9
114,Iceland,2.3,2.18,2.21,2.22,2.14,2.08,2.12,2.04,2.05,1.99,2.08,1.95,1.93,1.99,2.04,2.05,2.08,2.09,2.15,2.23,2.2,2.02,2.04,1.93,1.93,1.8,1.74
115,Israel,2.824,2.762,2.7,2.8,2.9,2.9,2.9,2.94,2.98,2.965,2.95,2.92,2.89,2.95,2.9,2.84,2.88,2.9,2.96,2.96,3.03,2.98,3.05,3.03,3.08,3.09,3.11
116,Italy,1.33,1.3,1.3,1.25,1.21,1.19,1.2,1.22,1.22,1.23,1.26,1.25,1.27,1.29,1.34,1.34,1.37,1.4,1.45,1.45,1.46,1.44,1.43,1.39,1.37,1.35,1.34
117,Jamaica,2.854,2.906,2.952,2.962,2.939,2.881,2.674,2.659,2.594,2.447,2.21,2.173,2.149,2.13,2.127,2.063,2.069,1.908,1.89,1.864,1.742,1.728,1.696,1.636,1.569,1.588,1.516
118,Jordan,5.478,5.285,5.107,4.955,4.807,4.662,4.512,4.337,4.164,4.037,3.921,3.853,3.832,3.838,3.801,3.779,3.802,3.847,3.892,3.842,3.778,3.681,3.559,3.436,3.31,3.175,3.077
119,Japan,1.54,1.53,1.5,1.46,1.5,1.42,1.43,1.39,1.38,1.34,1.36,1.33,1.32,1.29,1.29,1.26,1.32,1.34,1.37,1.37,1.39,1.39,1.41,1.43,1.42,1.45,1.44
120,Kazakhstan,2.72,2.61,2.5,2.3,2.28,2.26,2.13,2.0,1.8,1.8,1.8,1.9,2.0,2.03,2.21,2.22,2.36,2.47,2.68,2.55,2.59,2.59,2.62,2.64,2.73,2.74,2.77
121,Kenya,6.129,5.935,5.746,5.574,5.446,5.366,5.306,5.26,5.246,5.181,5.137,5.091,5.016,4.907,4.83,4.784,4.748,4.719,4.646,4.514,4.367,4.219,4.088,3.952,3.844,3.8,3.724
122,Kyrgyz Republic,3.63,3.58,3.52,3.2,2.9,3.1,2.8,2.6,2.7,2.6,2.4,2.4,2.4,2.5,2.6,2.5,2.7,2.7,2.8,2.9,3.1,3.1,3.2,3.1,3.2,3.2,3.1
123,Cambodia,5.644,5.565,5.447,5.274,5.052,4.824,4.594,4.391,4.139,3.922,3.772,3.652,3.555,3.442,3.345,3.244,3.145,3.084,2.969,2.871,2.774,2.701,2.664,2.62,2.589,2.55,2.512
124,Kiribati,4.637,4.594,4.527,4.457,4.418,4.385,4.39,4.325,4.253,4.158,4.065,3.958,3.847,3.744,3.781,3.799,3.837,3.879,3.905,3.889,3.876,3.857,3.774,3.689,3.599,3.53,3.471
125,St. Kitts and Nevis,2.793,2.622,2.448,2.402,2.35,2.36,2.325,2.393,2.376,2.327,2.196,2.086,2.038,2.004,1.964,1.931,1.902,1.871,1.833,1.8,1.762,1.74,1.713,1.682,1.665,1.643,1.633
126,"Korea, Rep.",1.57,1.71,1.76,1.654,1.656,1.634,1.574,1.537,1.464,1.425,1.48,1.309,1.178,1.191,1.164,1.085,1.132,1.259,1.192,1.149,1.226,1.244,1.297,1.187,1.205,1.239,1.172
127,Kuwait,3.318,3.178,3.068,2.988,2.997,3.046,3.059,2.971,2.878,2.791,2.737,2.715,2.693,2.691,2.686,2.662,2.603,2.516,2.422,2.34,2.257,2.2,2.168,2.153,2.156,2.16,2.157
128,Latin America & Caribbean (excluding high income),3.298123172,3.218123326,3.140369112,3.081104006,3.015884884,2.953978798,2.880705686,2.816067969,2.754881967,2.695685732,2.629578368,2.562646595,2.497881704,2.434393546,2.39686625,2.358512523,2.313095448,2.270043692,2.234679961,2.212639654,2.18907646,2.170006513,2.136212412,2.109938079,2.092019722,2.068950795,2.016102305
129,Lao PDR,6.084,5.996,5.882,5.75,5.548,5.346,5.148,4.964,4.776,4.655,4.4,4.209,4.037,3.911,3.808,3.673,3.597,3.494,3.375,3.264,3.145,3.049,2.953,2.872,2.802,2.766,2.722
130,Lebanon,3.295,3.19,3.081,2.97,2.868,2.781,2.736,2.659,2.6,2.55,2.499,2.462,2.41,2.345,2.27,2.203,2.157,2.11,2.081,2.085,2.126,2.162,2.169,2.172,2.182,2.178,2.183
131,Liberia,6.37,6.323,6.277,6.246,6.21,6.173,6.129,6.079,6.017,5.953,5.875,5.774,5.653,5.547,5.506,5.519,5.53,5.462,5.328,5.174,5.058,4.97,4.881,4.749,4.622,4.523,4.461
132,Libya,4.966,4.67,4.381,4.109,3.859,3.636,3.439,3.265,3.109,2.97,2.851,2.971,2.911,2.857,2.808,2.765,2.699,2.648,2.599,2.556,2.603,2.646,2.68,2.716,2.754,2.711,2.673
133,St. Lucia,3.399,3.302,3.203,3.104,3.001,2.892,2.772,2.641,2.499,2.35,2.202,2.06,1.933,1.826,1.74,1.675,1.63,1.598,1.574,1.555,1.538,1.522,1.508,1.496,1.485,1.473,1.461
134,Latin America & Caribbean,3.262359796,3.18542792,3.109350629,3.050959899,2.987093683,2.925780468,2.852698616,2.789621634,2.729849749,2.672837838,2.6096851,2.545637423,2.484062293,2.422625181,2.386056058,2.349288297,2.306075942,2.266158628,2.233699292,2.212423055,2.189251684,2.170228976,2.137659141,2.111736625,2.093902735,2.070373155,2.018712622
135,Least developed countries: UN classification,5.965378462,5.872392564,5.786704334,5.710043628,5.646320758,5.564525364,5.484596365,5.430279349,5.352346348,5.281505704,5.211922961,5.150156873,5.094195833,5.030361418,4.964471055,4.896949765,4.835701144,4.773727106,4.708382787,4.644652742,4.57284345,4.50178802,4.43087406,4.376034612,4.320355531,4.268670801,4.221243038
136,Low income,6.381619826,6.34484171,6.311866785,6.280052193,6.249001365,6.21865352,6.17673573,6.134066012,6.088070445,6.042333512,5.993368862,5.944815586,5.891103897,5.831956568,5.775066228,5.718309039,5.667656652,5.612499395,5.558112806,5.503387073,5.428984092,5.352544272,5.268433411,5.188148075,5.108018729,5.036544261,4.969183907
137,Liechtenstein,,,,,,,,,,,1.57,1.52,1.47,1.36,1.44,1.49,1.43,1.42,1.43,1.71,1.4,1.69,1.51,1.45,1.59,1.4,1.61
138,Sri Lanka,2.517,2.5,2.483,2.406,2.343,2.295,2.238,2.182,2.116,2.138,2.191,2.261,2.275,2.276,2.267,2.283,2.344,2.327,2.275,2.224,2.196,2.206,2.196,2.181,2.13,2.091,2.068
139,Lower middle income,4.32847451,4.236531401,4.132686038,4.030941127,3.936295277,3.843055645,3.754266383,3.677385986,3.59921792,3.533028527,3.48928731,3.443382486,3.382429811,3.315228094,3.259709997,3.200996078,3.148131086,3.111953519,3.073262516,3.0383207,2.992267975,2.952749904,2.916689332,2.879754162,2.822620714,2.79825981,2.768753974
140,Low & middle income,3.666421996,3.442384177,3.336271655,3.255679545,3.189549733,3.127619451,3.06648864,3.012648597,2.967831438,2.932035625,2.933503572,2.891924217,2.859451034,2.826530631,2.811898743,2.787781244,2.768485486,2.760671237,2.756712601,2.743508824,2.713981206,2.690567436,2.705798244,2.668275971,2.655489864,2.62048932,2.623736579
141,Lesotho,4.759,4.645,4.522,4.366,4.217,4.143,4.071,3.993,3.855,3.736,3.658,3.657,3.677,3.635,3.519,3.438,3.43,3.441,3.408,3.318,3.249,3.318,3.305,3.334,3.288,3.264,3.239
142,Late-demographic dividend,2.553600856,2.157526565,2.022040511,1.933846614,1.872934929,1.818120147,1.769016168,1.728829828,1.704992678,1.68581633,1.737502619,1.686062406,1.681037185,1.675320282,1.696774578,1.699013572,1.706301063,1.725038368,1.7542064,1.761896867,1.742927546,1.73034441,1.815644561,1.761182663,1.800118118,1.73995473,1.790694913
143,Lithuania,2.03,2.01,1.97,1.74,1.57,1.55,1.49,1.47,1.46,1.46,1.39,1.29,1.23,1.26,1.27,1.29,1.33,1.36,1.45,1.5,1.5,1.55,1.6,1.59,1.63,1.7,1.69
144,Luxembourg,1.6,1.6,1.64,1.7,1.72,1.7,1.77,1.71,1.68,1.74,1.76,1.66,1.63,1.62,1.66,1.63,1.65,1.61,1.61,1.59,1.63,1.52,1.57,1.55,1.5,1.47,1.41
145,Latvia,2.02,1.86,1.73,1.51,1.39,1.25,1.16,1.11,1.09,1.16,1.25,1.22,1.26,1.32,1.29,1.39,1.46,1.54,1.58,1.46,1.36,1.33,1.44,1.52,1.65,1.7,1.74
146,"Macao SAR, China",1.74,1.638,1.567,1.48,1.42,1.341,1.254,1.163,1.073,0.991,0.912,0.84,0.8,0.792,0.8,0.834,0.874,0.918,0.947,0.986,1.042,1.115,1.184,1.199,1.224,1.196,1.175
147,St. Martin (French part),2.894,2.845,2.81,2.778,2.763,2.742,2.736,2.734,2.727,2.722,2.714,2.705,2.687,2.666,2.631,2.592,2.554,2.514,2.481,2.434,2.397,2.41,2.748,2.668,2.595,2.558,2.534
148,Morocco,4.018,3.937,3.806,3.612,3.468,3.33,3.219,3.12,3.009,2.871,2.796,2.715,2.67,2.632,2.598,2.568,2.559,2.55,2.549,2.578,2.586,2.609,2.598,2.594,2.548,2.531,2.451
149,Monaco,,,,,,,,,,,,,,,,,,,,,,,,,,,
150,Moldova,2.388,2.281,2.218,2.105,1.989,1.831,1.725,1.759,1.651,1.56,1.499,1.463,1.437,1.48,1.539,1.531,1.541,1.574,1.638,1.704,1.698,1.66,1.659,1.654,1.822,1.868,1.89
151,Madagascar,6.161,6.122,6.08,6.041,5.99,5.946,5.888,5.801,5.675,5.549,5.403,5.323,5.225,5.172,5.133,5.095,5.056,4.997,4.933,4.87,4.755,4.607,4.466,4.358,4.247,4.183,4.163
152,Maldives,6.089,5.744,5.396,5.045,4.674,4.32,3.931,3.572,3.254,2.961,2.71,2.519,2.413,2.344,2.284,2.235,2.231,2.295,2.359,2.366,2.318,2.261,2.202,2.123,2.059,1.99,1.913
153,Middle East & North Africa,4.881613464,4.685755808,4.504406775,4.304181124,4.108297355,3.889351116,3.689469281,3.542220946,3.427039651,3.319827581,3.230451797,3.153154671,3.073297382,3.024209993,2.975717855,2.940256017,2.917112647,2.906133716,2.889619959,2.882370081,2.901392079,2.920168297,2.953028131,2.970727523,2.974570517,2.951748932,2.871159408
154,Mexico,3.45,3.367,3.292,3.216,3.127,3.038,2.956,2.869,2.8,2.766,2.716,2.669,2.623,2.579,2.536,2.495,2.456,2.421,2.391,2.364,2.34,2.317,2.294,2.269,2.211,2.137,2.086
155,Marshall Islands,6.03,5.832,5.627,5.461,5.308,5.147,5.017,4.886,4.787,4.697,4.592,4.489,4.378,4.292,4.209,4.129,4.056,3.966,3.862,3.757,3.632,3.51,3.389,3.274,3.161,3.063,2.983
156,Middle income,3.468157386,3.230405882,3.117585096,3.031688702,2.961592789,2.896111327,2.833669143,2.778532982,2.732856134,2.695971475,2.699568992,2.65634299,2.622364165,2.587814767,2.572895188,2.547817376,2.527102798,2.519216999,2.515742931,2.502583262,2.473310626,2.45069071,2.470271626,2.431465417,2.419635885,2.382658396,2.387521363
157,North Macedonia,2.185,2.189,2.12,2.098,2.224,2.131,2.061,1.916,1.894,1.775,1.861,1.735,1.789,1.744,1.529,1.5,1.46,1.46,1.47,1.5,1.6,1.46,1.5,1.5,1.5,1.49,1.5
158,Mali,7.253,7.225,7.181,7.123,7.065,6.989,6.95,6.911,6.892,6.882,6.874,6.852,6.821,6.782,6.741,6.716,6.688,6.655,6.642,6.611,6.579,6.545,6.523,6.491,6.441,6.385,6.319
159,Malta,2.02,1.99,2.07,1.96,1.84,1.77,1.99,1.93,1.84,1.73,1.68,1.48,1.45,1.48,1.4,1.38,1.36,1.35,1.43,1.42,1.36,1.45,1.42,1.36,1.38,1.37,1.37
160,Myanmar,3.543,3.451,3.363,3.282,3.192,3.11,3.043,2.963,2.889,2.825,2.785,2.783,2.782,2.704,2.621,2.552,2.504,2.479,2.428,2.391,2.346,2.312,2.274,2.256,2.24,2.248,2.249
161,Middle East & North Africa (excluding high income),4.880649314,4.67932488,4.495124131,4.285302939,4.0781007,3.851333303,3.6420853,3.492205645,3.377991617,3.273261171,3.185388785,3.116385415,3.043621538,3.002516785,2.96277499,2.934191978,2.913657546,2.907471541,2.900588141,2.904402943,2.935165116,2.962906845,3.004107604,3.030452816,3.039515264,3.018249558,2.93045383
162,Montenegro,1.944,1.995,2.001,1.969,1.959,1.967,1.944,1.928,1.952,1.994,2.065,1.854,1.801,1.861,1.751,1.69,1.73,1.8,1.89,1.98,1.7,1.65,1.72,1.73,1.75,1.74,1.79
163,Mongolia,4.232,3.905,3.524,3.163,2.947,2.789,2.618,2.469,2.363,2.302,2.255,2.195,2.13,2.051,2.017,2.028,2.13,2.297,2.446,2.533,2.513,2.602,2.739,2.897,2.996,3.01,2.957
164,Northern Mariana Islands,,,,,,,,,,,,,,,,,,,,,,,,,,,
165,Mozambique,6.221,6.159,6.099,6.025,5.958,5.895,5.85,5.885,5.86,5.833,5.812,5.778,5.734,5.733,5.667,5.609,5.55,5.513,5.579,5.626,5.63,5.551,5.451,5.34,5.131,5.062,4.992
166,Mauritania,6.056,6.044,6.044,6.044,5.924,5.851,5.713,5.66,5.574,5.538,5.459,5.38,5.287,5.229,5.192,5.19,5.186,5.153,5.153,5.084,5.043,5.028,4.986,4.942,4.886,4.813,4.741
167,Mauritius,2.32,2.3,2.37,2.21,2.25,2.14,2.12,2.04,1.97,2.05,1.99,1.91,1.94,1.87,1.92,1.88,1.77,1.74,1.67,1.59,1.57,1.55,1.54,1.44,1.43,1.36,1.4
168,Malawi,6.809,6.717,6.648,6.585,6.508,6.416,6.314,6.258,6.235,6.152,6.036,5.993,5.96,5.942,5.93,5.91,5.841,5.736,5.605,5.453,5.274,5.106,4.924,4.778,4.612,4.452,4.309
169,Malaysia,3.374,3.376,3.381,3.369,3.356,3.322,3.281,3.213,3.119,3.037,2.914,2.757,2.602,2.526,2.415,2.328,2.268,2.227,2.244,2.217,2.144,2.149,2.116,2.089,2.081,2.039,1.978
170,North America,2.055309221,2.027535756,2.011786176,1.986026384,1.969920043,1.946878094,1.941138415,1.9307044,1.955053255,1.961898321,2.001780137,1.981727462,1.970635389,1.997984116,2.002587525,2.009506623,2.060366021,2.075135154,2.03484954,1.970742347,1.902767084,1.867883649,1.855297942,1.832641843,1.837164526,1.819179332,1.79746983
171,Namibia,5.321,5.225,5.067,4.891,4.671,4.426,4.212,4.154,4.152,4.11,3.975,3.827,3.716,3.619,3.58,3.56,3.535,3.552,3.587,3.613,3.63,3.658,3.676,3.653,3.635,3.604,3.574
172,New Caledonia,3.18,3.15,2.99,2.86,2.7,2.59,2.65,2.67,2.54,2.48,2.59,2.43,2.33,2.27,2.18,2.2,2.29,2.2,2.2,2.2,2.2,2.15,2.28,2.19,2.17,2.08,2.13
173,Niger,7.806,7.798,7.795,7.79,7.786,7.776,7.762,7.759,7.762,7.752,7.732,7.695,7.671,7.654,7.634,7.615,7.579,7.559,7.539,7.513,7.485,7.449,7.4,7.344,7.279,7.211,7.141
174,Nigeria,6.459,6.426,6.391,6.354,6.319,6.273,6.217,6.138,6.069,6.082,6.124,6.139,6.135,6.116,6.085,6.068,6.081,6.08,6.078,6.039,5.98,5.918,5.832,5.738,5.664,5.616,5.584
175,Nicaragua,4.596,4.432,4.267,4.102,3.937,3.775,3.62,3.473,3.339,3.218,3.111,3.019,2.941,2.874,2.816,2.767,2.725,2.689,2.657,2.628,2.601,2.575,2.55,2.526,2.503,2.48,2.455
176,Netherlands,1.62,1.61,1.59,1.57,1.57,1.53,1.53,1.56,1.63,1.65,1.72,1.71,1.73,1.75,1.72,1.71,1.72,1.72,1.77,1.79,1.79,1.76,1.72,1.68,1.71,1.66,1.66
177,Norway,1.93,1.92,1.88,1.86,1.87,1.87,1.89,1.86,1.81,1.85,1.85,1.78,1.75,1.8,1.83,1.84,1.9,1.9,1.96,1.98,1.95,1.88,1.85,1.78,1.75,1.72,1.71
178,Nepal,5.208,5.139,5.044,5.002,4.907,4.785,4.595,4.393,4.235,4.083,3.944,3.763,3.59,3.457,3.311,3.142,2.974,2.843,2.719,2.604,2.512,2.439,2.387,2.334,2.293,2.25,2.203
179,Nauru,3.954,3.939,3.914,3.879,3.849,3.822,3.815,3.778,3.726,3.684,3.642,3.588,3.533,3.5,3.487,3.501,3.542,3.632,3.722,3.827,3.907,3.948,3.928,3.892,3.857,3.827,3.791
180,New Zealand,2.18,2.09,2.06,2.04,1.98,1.98,1.96,1.96,1.89,1.97,1.98,1.97,1.89,1.93,1.98,1.97,2.01,2.18,2.19,2.13,2.17,2.09,2.1,2.01,1.92,1.99,1.87
181,OECD members,2.011611802,1.988240316,1.960865488,1.924378147,1.901395226,1.861744191,1.853189719,1.835392313,1.826849685,1.816922096,1.833565497,1.80859832,1.782236419,1.784173073,1.789012087,1.783727916,1.814450747,1.830524059,1.833263347,1.805855663,1.794766823,1.774282664,1.774075426,1.751216715,1.755590031,1.746664677,1.736879844
182,Oman,6.606,6.339,6.045,5.761,5.472,5.19,4.895,4.616,4.344,4.126,3.893,3.69,3.501,3.346,3.2,3.049,2.921,2.813,2.806,2.841,2.943,2.94,2.929,2.949,2.956,2.959,2.946
183,Other small states,4.442170251,4.356484454,4.293969124,4.186580077,4.098069965,3.992795762,3.906910158,3.821344202,3.757055036,3.706127993,3.657218381,3.591099492,3.556689572,3.51515078,3.482770218,3.445882662,3.415240069,3.393348288,3.365170251,3.326311378,3.281319357,3.264459034,3.236627101,3.199371049,3.160715267,3.115369031,3.072470974
184,Pakistan,6.364,6.291,6.207,6.112,6.008,5.894,5.771,5.642,5.508,5.393,5.257,5.123,5.008,4.88,4.754,4.637,4.526,4.51,4.432,4.36,4.297,4.234,4.169,4.106,4.005,3.904,3.827
185,Panama,3.096,2.999,2.95,2.909,2.877,2.852,2.83,2.81,2.789,2.767,2.744,2.72,2.698,2.679,2.691,2.665,2.636,2.63,2.631,2.613,2.604,2.627,2.636,2.609,2.59,2.564,2.528
186,Peru,3.912,3.794,3.673,3.552,3.432,3.315,3.203,3.099,3.002,2.917,2.845,2.744,2.693,2.661,2.673,2.686,2.686,2.666,2.628,2.607,2.573,2.542,2.487,2.432,2.385,2.338,2.306
187,Philippines,4.352,4.319,4.242,4.148,4.072,4.042,3.967,3.899,3.848,3.788,3.714,3.718,3.656,3.604,3.543,3.49,3.486,3.444,3.404,3.363,3.264,3.122,3.127,3.096,3.031,2.951,2.892
188,Palau,2.84,,,,,2.33,,,,,1.83,,,,,2.02,,,,,,,2.23,,,2.21,
189,Papua New Guinea,5.18,5.109,5.033,4.962,4.87,4.78,4.728,4.679,4.632,4.587,4.525,4.469,4.419,4.362,4.283,4.22,4.148,4.076,4.015,3.941,3.883,3.816,3.746,3.684,3.625,3.558,3.495
190,Poland,2.06,2.07,1.95,1.87,1.81,1.62,1.59,1.51,1.44,1.37,1.37,1.31,1.25,1.22,1.23,1.24,1.27,1.31,1.39,1.4,1.41,1.33,1.33,1.29,1.32,1.32,1.39
191,Pre-demographic dividend,6.578558302,6.52674421,6.476219341,6.422840647,6.369758302,6.322751655,6.272355897,6.222990387,6.170477322,6.134889741,6.099625189,6.061554481,6.018174386,5.972305097,5.925907523,5.883869124,5.851993894,5.810621778,5.770957443,5.722607326,5.663212858,5.595827336,5.511528167,5.432990781,5.355311172,5.28357766,5.213230382
192,Puerto Rico,2.378,2.302,2.29,2.307,2.278,2.248,1.94,1.9,1.9,2.0,2.0485,1.9346,1.8317,1.7624,1.7822,1.7702,1.7123,1.6505,1.6516,1.6528,1.6235,1.5965,1.5425,1.47,1.432,1.3365,1.2425
193,"Korea, Dem. People's Rep.",2.35,2.34,2.292,2.248,2.203,2.164,2.107,2.031,2.008,1.99,1.969,1.981,1.943,1.914,1.962,1.955,1.958,1.956,1.977,1.951,1.809,1.811,1.836,1.86,1.885,1.884,1.87
194,Portugal,1.56,1.56,1.54,1.52,1.45,1.41,1.44,1.47,1.47,1.5,1.55,1.45,1.46,1.44,1.4,1.41,1.37,1.35,1.39,1.34,1.39,1.35,1.28,1.21,1.23,1.31,1.36
195,Paraguay,4.547,4.457,4.368,4.282,4.196,4.108,4.014,3.911,3.798,3.678,3.553,3.431,3.315,3.21,3.119,3.04,2.97,2.907,2.846,2.787,2.73,2.675,2.625,2.636,2.646,2.645,2.624
196,West Bank and Gaza,6.778,6.724,6.633,6.496,6.338,6.175,5.997,5.821,5.695,5.575,5.443,5.315,5.186,5.019,4.942,4.844,4.721,4.614,4.497,4.412,4.383,4.274,4.16,4.076,4.04,4.046,3.935
197,Pacific island small states,4.323058632,4.291506856,4.25613952,4.216695144,4.176459922,4.129915575,4.109498132,4.035317376,3.968467472,3.902975856,3.826744683,3.799084479,3.754732998,3.717176765,3.681713157,3.629428888,3.649967184,3.63215133,3.620031841,3.598884938,3.579183887,3.555849565,3.529291097,3.524817837,3.50763127,3.460993439,3.426145585
198,Post-demographic dividend,1.751590579,1.725353392,1.703651614,1.663853279,1.642414452,1.610199784,1.604255898,1.594878106,1.591731336,1.586920196,1.617485559,1.589459731,1.580712522,1.599353671,1.613898231,1.613540851,1.659582132,1.687879083,1.700951186,1.674579897,1.663580424,1.646878405,1.653564205,1.62550829,1.634273031,1.633518502,1.624737087
199,French Polynesia,3.437,3.258,3.15,3.085,2.943,2.78,2.718,2.591,2.487,2.582,2.596,2.521,2.427,2.266,2.202,2.188,2.218,2.133,2.193,2.146,2.162,2.066,2.026,1.946,1.959,1.905,1.852
200,Qatar,4.176,3.879,3.77,3.738,3.661,3.573,3.5,3.433,3.342,3.27,3.227,3.181,3.042,2.906,2.749,2.578,2.426,2.343,2.276,2.176,2.087,2.04,1.969,1.932,1.898,1.864,1.827
201,Romania,1.83,1.59,1.51,1.43,1.4,1.33,1.3,1.32,1.32,1.3,1.31,1.27,1.27,1.3,1.33,1.4,1.42,1.45,1.6,1.66,1.59,1.47,1.52,1.46,1.56,1.62,1.69
202,Russian Federation,1.892,1.732,1.552,1.385,1.4,1.337,1.27,1.218,1.232,1.157,1.195,1.223,1.286,1.319,1.344,1.294,1.305,1.416,1.502,1.542,1.567,1.582,1.691,1.707,1.75,1.777,1.762
203,Rwanda,6.873,6.705,6.607,6.51,6.408,6.324,6.251,6.176,6.116,6.013,5.924,5.844,5.752,5.674,5.573,5.436,5.28,5.1,4.901,4.716,4.532,4.357,4.233,4.159,4.112,4.081,4.06
204,South Asia,4.33167374,4.235905403,4.14556969,4.062593976,3.987992235,3.905814278,3.830002881,3.761913378,3.686311092,3.618718347,3.572222731,3.515556027,3.432310266,3.339267215,3.258120215,3.167034683,3.073833734,2.999699207,2.929763299,2.877897334,2.807758712,2.742940618,2.67852013,2.621473233,2.530114313,2.49844973,2.475235111
205,Saudi Arabia,5.83,5.662,5.493,5.319,5.142,4.952,4.769,4.592,4.419,4.247,4.115,3.91,3.706,3.502,3.337,3.242,3.208,3.177,3.057,2.952,2.853,2.814,2.78,2.737,2.686,2.637,2.59
206,Sudan,6.168,6.116,6.053,5.961,5.874,5.788,5.707,5.596,5.504,5.447,5.38,5.327,5.248,5.172,5.094,5.039,5.044,5.065,5.074,5.05,5.017,4.96,4.895,4.903,4.912,4.898,4.829
207,Senegal,6.396,6.267,6.149,6.049,5.915,5.819,5.723,5.639,5.581,5.573,5.498,5.412,5.311,5.252,5.184,5.186,5.198,5.11,5.051,5.081,5.064,5.039,5.005,4.96,4.905,4.781,4.683
208,Singapore,1.83,1.73,1.72,1.74,1.71,1.67,1.66,1.61,1.48,1.47,1.6,1.41,1.37,1.27,1.26,1.26,1.28,1.29,1.28,1.22,1.15,1.2,1.29,1.19,1.25,1.24,1.2
209,Solomon Islands,5.66,5.545,5.445,5.375,5.314,5.243,5.118,4.987,4.903,4.821,4.756,4.692,4.626,4.572,4.518,4.475,4.477,4.442,4.411,4.393,4.404,4.406,4.412,4.418,4.418,4.356,4.293
210,Sierra Leone,6.567,6.553,6.555,6.569,6.557,6.555,6.552,6.531,6.495,6.423,6.355,6.305,6.23,6.087,5.919,5.807,5.737,5.643,5.563,5.448,5.327,5.209,5.064,4.873,4.703,4.548,4.466
211,El Salvador,3.947,3.87,3.815,3.734,3.66,3.577,3.482,3.377,3.357,3.259,3.14,2.977,2.809,2.675,2.546,2.455,2.393,2.335,2.291,2.261,2.239,2.224,2.187,2.154,2.126,2.067,1.965
212,San Marino,,,,,,,,,,,,,,,,,,,,,,,1.26,,,,
213,Somalia,7.44,7.47,7.5,7.526,7.544,7.581,7.621,7.662,7.647,7.632,7.61,7.582,7.578,7.547,7.522,7.484,7.458,7.42,7.387,7.34,7.299,7.257,7.198,7.128,7.057,6.978,6.886
214,Serbia,1.743,1.73,1.678,1.702,1.66,1.686,1.644,1.559,1.195,1.257,1.48,1.58,1.57,1.59,1.57,1.45,1.43,1.38,1.4,1.44,1.4,1.4,1.45,1.43,1.46,1.46,1.46
215,Sub-Saharan Africa (excluding high income),6.304017579,6.244767805,6.181578096,6.117266639,6.053890875,5.998187284,5.93032388,5.859712332,5.802104067,5.762703614,5.722060558,5.68608824,5.643908036,5.600040787,5.559752084,5.528939334,5.497506898,5.459628837,5.429382223,5.366895261,5.302293384,5.233563768,5.157179483,5.084924882,5.015773178,4.957177163,4.8974045
216,South Sudan,7.988,8.004,7.999,8.005,7.989,7.962,7.985,7.965,7.817,7.672,7.513,7.369,7.191,6.851,6.517,6.171,5.82,5.638,5.552,5.465,5.376,5.286,5.197,5.108,5.022,4.937,4.855
217,Sub-Saharan Africa,6.304017579,6.244767805,6.181080812,6.117266639,6.053890875,5.998187284,5.93032388,5.859174154,5.801565429,5.762171577,5.72154725,5.685577731,5.643408198,5.599567743,5.559292678,5.528519478,5.497084395,5.459238508,5.429010911,5.366547822,5.301930379,5.233248862,5.156886275,5.084635027,5.015497062,4.956918126,4.897166242
218,Small states,4.019537407,3.960160188,3.918914449,3.83455361,3.760186605,3.674318799,3.588790649,3.522207493,3.463397509,3.407237468,3.345399827,3.291450874,3.257933565,3.22128654,3.194179146,3.160584011,3.138146183,3.109590041,3.09086321,3.059741235,3.014475666,3.000261563,2.977263567,2.942494064,2.910772909,2.876725502,2.837414172
219,Sao Tome and Principe,5.828,5.769,5.704,5.635,5.562,5.487,5.414,5.345,5.282,5.226,5.176,5.131,5.09,5.049,5.007,4.964,4.919,4.872,4.825,4.776,4.727,4.716,4.667,4.6,4.511,4.387,4.274
220,Suriname,3.267,3.231,3.195,3.156,3.115,3.072,3.03,2.99,2.955,2.923,2.895,2.868,2.84,2.811,2.781,2.749,2.717,2.687,2.659,2.633,2.61,2.587,2.565,2.543,2.519,2.494,2.469
221,Slovak Republic,2.09,2.05,1.93,1.87,1.67,1.52,1.47,1.43,1.37,1.33,1.3,1.2,1.19,1.2,1.25,1.27,1.25,1.27,1.34,1.44,1.43,1.45,1.34,1.34,1.37,1.4,1.48
222,Slovenia,1.46,1.42,1.33,1.33,1.32,1.29,1.28,1.25,1.23,1.21,1.26,1.21,1.21,1.2,1.25,1.26,1.31,1.38,1.53,1.53,1.57,1.56,1.58,1.55,1.58,1.57,1.58
223,Sweden,2.13,2.11,2.09,1.99,1.88,1.73,1.6,1.52,1.5,1.5,1.54,1.57,1.65,1.71,1.75,1.77,1.85,1.88,1.91,1.94,1.98,1.9,1.91,1.89,1.88,1.85,1.85
224,Eswatini,5.25,5.097,4.949,4.774,4.623,4.487,4.347,4.207,4.098,4.066,3.996,3.9,3.805,3.757,3.731,3.682,3.617,3.564,3.536,3.473,3.356,3.299,3.255,3.226,3.174,3.117,3.068
225,Sint Maarten (Dutch part),2.033,2.046,2.097,2.14,2.157,2.16,2.129,2.07,1.992,1.909,1.85,1.8,1.753,1.723,1.702,1.705,1.764,1.565,1.735,1.713,1.846,1.99,1.93,1.862,1.794,1.73,1.673
226,Seychelles,,,2.696,,,,,2.1,2.04,2.04,2.08,1.98,2.04,2.06,2.01,2.2,2.11,2.24,2.33,2.38,2.16,2.33,2.37,2.26,2.25,2.31,2.39
227,Syrian Arab Republic,5.384,5.124,4.945,4.834,4.715,4.574,4.428,4.283,4.177,4.082,4.001,4.007,3.948,3.899,3.857,3.814,3.762,3.696,3.613,3.514,3.404,3.283,3.215,3.17,3.101,3.049,2.994
228,Turks and Caicos Islands,3.438,3.361,3.268,3.173,3.087,2.992,2.896,2.808,2.721,2.621,2.511,2.416,2.322,2.225,2.128,2.037,1.953,1.876,1.808,1.736,1.686,1.693,1.694,1.676,1.653,1.67,1.722
229,Chad,7.219,7.261,7.296,7.337,7.31,7.29,7.292,7.274,7.266,7.262,7.249,7.231,7.201,7.179,7.16,7.134,7.118,7.092,7.063,7.021,6.99,6.948,6.905,6.839,6.781,6.706,6.623
230,East Asia & Pacific (IDA & IBRD countries),2.739143313,2.301860592,2.164251647,2.083696556,2.018658109,1.970453375,1.929353481,1.893979144,1.86876273,1.854689501,1.912447172,1.859036969,1.852576277,1.846376075,1.864246154,1.873430462,1.885943117,1.906027814,1.928590225,1.932391362,1.906844509,1.894291758,1.984148322,1.918936001,1.949767461,1.874049946,1.934706464
231,Europe & Central Asia (IDA & IBRD countries),2.308416033,2.219062434,2.089937541,1.972154535,1.92582506,1.859685145,1.794945028,1.728717677,1.684573506,1.625666265,1.619156679,1.614792087,1.60899349,1.610409641,1.646737898,1.629568893,1.660981552,1.724848317,1.799991084,1.815336357,1.812112693,1.801616238,1.858428641,1.873983057,1.91997934,1.935879112,1.930560171
232,Togo,6.133,6.049,5.947,5.845,5.745,5.646,5.543,5.441,5.384,5.335,5.269,5.23,5.194,5.145,5.075,5.069,5.078,5.092,5.052,5.034,5.007,4.917,4.806,4.723,4.655,4.594,4.56
233,Thailand,2.09,2.047,2.026,1.987,1.945,1.898,1.893,1.864,1.784,1.664,1.612,1.588,1.567,1.568,1.566,1.585,1.571,1.578,1.579,1.567,1.576,1.597,1.586,1.547,1.51,1.469,1.435
234,Tajikistan,5.342,5.176,4.965,4.812,4.766,4.658,4.441,4.317,4.281,4.127,4.006,3.884,3.767,3.606,3.529,3.438,3.385,3.367,3.388,3.43,3.457,3.456,3.421,3.433,3.459,3.459,3.384
235,Turkmenistan,4.243,4.106,3.962,3.837,3.67,3.507,3.336,3.213,3.102,2.995,2.898,2.791,2.686,2.665,2.648,2.658,2.665,2.676,2.712,2.769,2.833,2.892,2.936,2.958,2.956,2.93,2.887
236,Latin America & the Caribbean (IDA & IBRD countries),3.312818443,3.236685517,3.159370395,3.099609086,3.033598929,2.969090725,2.895884025,2.826962804,2.763996435,2.70319935,2.638018613,2.572752041,2.508613481,2.445899855,2.409272203,2.372114299,2.329545614,2.287683701,2.25091637,2.226587005,2.202717314,2.18196804,2.149943454,2.123514803,2.105480146,2.081139809,2.029959451
237,Timor-Leste,5.811,5.835,5.867,5.879,5.912,5.936,5.941,5.955,5.963,5.97,5.98,6.013,6.022,5.951,5.85,5.705,5.564,5.399,5.225,5.037,4.845,4.656,4.444,4.268,4.085,3.903,3.737
238,Middle East & North Africa (IDA & IBRD countries),4.864879457,4.662200008,4.476993187,4.266223187,4.058257046,3.830645533,3.620808268,3.470846864,3.356822201,3.252301194,3.164884647,3.096427526,3.024084465,2.983984099,2.944438241,2.916322155,2.896553152,2.891116981,2.885037954,2.889477959,2.920614289,2.949513422,2.992096344,3.019415812,3.02879445,3.007089186,2.919411416
239,Tonga,4.644,4.612,4.583,4.547,4.501,4.447,4.433,4.369,4.328,4.203,4.108,4.072,4.137,4.194,4.206,4.179,4.141,4.093,4.027,3.955,3.889,3.842,3.781,3.707,3.635,3.562,3.483
240,South Asia (IDA & IBRD),4.33167374,4.235905403,4.14556969,4.062593976,3.987992235,3.905814278,3.830002881,3.761913378,3.686311092,3.618718347,3.572222731,3.515556027,3.432310266,3.339267215,3.258120215,3.167034683,3.073833734,2.999699207,2.929763299,2.877897334,2.807758712,2.742940618,2.67852013,2.621473233,2.530114313,2.49844973,2.475235111
241,Sub-Saharan Africa (IDA & IBRD countries),6.304017579,6.244767805,6.181080812,6.117266639,6.053890875,5.998187284,5.93032388,5.859174154,5.801565429,5.762171577,5.72154725,5.685577731,5.643408198,5.599567743,5.559292678,5.528519478,5.497084395,5.459238508,5.429010911,5.366547822,5.301930379,5.233248862,5.156886275,5.084635027,5.015497062,4.956918126,4.897166242
242,Trinidad and Tobago,2.382,2.282,2.205,2.101,2.023,1.931,1.874,1.822,1.797,1.788,1.769,1.746,1.718,1.705,1.685,1.68,1.692,1.709,1.713,1.69,1.701,1.713,1.711,1.703,1.693,1.682,1.678
243,Tunisia,3.471,3.324,3.175,3.017,2.856,2.673,2.505,2.359,2.219,2.099,2.049,1.997,1.969,1.979,1.976,1.981,1.977,1.989,2.011,2.046,2.105,2.191,2.216,2.24,2.252,2.251,2.238
244,Turkiye,3.126,3.048,2.936,2.896,2.852,2.792,2.793,2.716,2.67,2.592,2.505,2.532,2.323,2.231,2.224,2.224,2.227,2.195,2.178,2.162,2.137,2.133,2.149,2.165,2.2,2.194,2.177
245,Tuvalu,3.91,3.951,4.0,4.041,4.034,4.024,4.019,3.997,3.956,3.887,3.807,3.744,3.694,3.642,3.62,3.632,3.717,3.602,3.549,3.503,3.49,3.478,3.467,3.355,3.275,3.217,3.195
246,Tanzania,6.195,6.135,6.078,6.011,5.927,5.865,5.848,5.838,5.789,5.734,5.686,5.665,5.623,5.605,5.607,5.61,5.563,5.485,5.425,5.357,5.293,5.207,5.098,5.122,5.122,5.088,5.033
247,Uganda,7.037,6.983,6.96,6.932,6.928,6.917,6.894,6.906,6.887,6.875,6.832,6.81,6.779,6.702,6.653,6.572,6.481,6.379,6.251,6.174,6.071,5.935,5.784,5.618,5.463,5.306,5.174
248,Ukraine,1.85,1.776,1.674,1.562,1.468,1.398,1.335,1.272,1.211,1.127,1.116,1.078,1.095,1.172,1.218,1.213,1.31,1.345,1.458,1.473,1.443,1.459,1.531,1.506,1.498,1.506,1.466
249,Upper middle income,2.667311219,2.283430393,2.152617975,2.072975408,2.018119402,1.970843846,1.925356143,1.883025624,1.859734692,1.841305623,1.882394307,1.831416071,1.816745269,1.808058713,1.827815175,1.83112895,1.837100841,1.850401067,1.876903072,1.880340122,1.862651642,1.85251064,1.930643022,1.879015371,1.912804414,1.849754394,1.888973181
250,Uruguay,2.433,2.446,2.423,2.397,2.415,2.401,2.364,2.328,2.262,2.22,2.168,2.132,2.142,2.101,2.09,2.097,2.07,2.048,2.03,2.018,2.011,2.008,2.006,2.01,1.998,2.023,1.945
251,United States,2.081,2.0625,2.046,2.0195,2.0015,1.978,1.976,1.971,1.999,2.0075,2.056,2.0305,2.0205,2.0475,2.0515,2.057,2.108,2.12,2.072,2.002,1.931,1.8945,1.8805,1.8575,1.8625,1.8435,1.8205
252,Uzbekistan,4.072,4.199,4.004,3.8,3.537,3.596,3.32,3.082,2.815,2.72,2.58,2.46,2.52,2.36,2.46,2.36,2.39,2.554,2.637,2.53,2.342,2.236,2.193,2.35,2.457,2.491,2.455
253,St. Vincent and the Grenadines,2.825,2.823,2.829,2.802,2.74,2.665,2.569,2.489,2.416,2.375,2.34,2.298,2.215,2.14,2.087,2.065,2.055,2.081,2.137,2.154,2.133,2.101,2.12,2.112,2.12,2.099,2.025
254,"Venezuela, RB",3.448,3.37,3.292,3.218,3.147,3.082,3.022,2.967,2.915,2.867,2.822,2.779,2.739,2.701,2.664,2.629,2.595,2.562,2.53,2.5,2.471,2.444,2.417,2.39,2.365,2.34,2.317
255,British Virgin Islands,1.585,1.703,1.681,1.816,1.646,1.716,1.802,2.029,1.501,1.784,1.866,1.505,1.24,1.306,1.505,1.341,1.232,1.312,1.282,1.227,1.183,1.269,1.103,1.08,1.237,1.186,0.987
256,Virgin Islands (U.S.),2.99,3.102,3.204,3.096,3.044,2.717,2.559,2.727,2.501,2.377,2.06,1.9,2.21,2.07,2.17,2.24,2.03,2.51,2.44,2.37,2.3,2.16,2.06,2.08,2.09,2.11,2.09
257,Vietnam,3.596,3.476,3.322,3.143,2.92,2.664,2.444,2.29,2.169,2.095,2.072,2.051,2.063,2.026,2.014,1.962,1.904,1.913,1.92,1.906,1.895,1.902,1.927,1.951,1.95,1.951,1.938
258,Vanuatu,5.029,4.992,4.95,4.894,4.824,4.765,4.688,4.632,4.575,4.516,4.48,4.444,4.364,4.294,4.226,4.158,4.121,4.124,4.138,4.148,4.15,4.151,4.124,4.093,4.06,4.006,3.963
259,World,3.305422629,3.124397266,3.038024979,2.969362033,2.915497103,2.861430551,2.813546974,2.771371827,2.736058189,2.709089898,2.718464857,2.680648478,2.653749893,2.630041863,2.621404724,2.603162693,2.595286001,2.594260958,2.593597508,2.579768918,2.554600002,2.534085099,2.549667119,2.514252197,2.506561003,2.477870233,2.481091868
260,Samoa,4.93,4.892,4.888,4.874,4.85,4.802,4.739,4.66,4.609,4.555,4.514,4.465,4.429,4.4,4.382,4.374,4.373,4.391,4.469,4.549,4.608,4.639,4.606,4.525,4.443,4.357,4.269
261,Kosovo,3.647,3.441,2.871,2.728,2.603,2.6,2.599,2.571,2.589,2.641,2.66,2.622,2.533,2.28,2.461,2.609,2.429,2.357,2.444,2.437,2.426,1.992,2.001,2.098,1.871,1.751,1.658
262,"Yemen, Rep.",8.606,8.459,8.272,8.048,7.795,7.525,7.02,6.83,6.638,6.511,6.318,6.114,5.937,5.819,5.712,5.577,5.425,5.266,5.129,4.986,4.855,4.744,4.634,4.529,4.427,4.322,4.214
263,South Africa,3.724,3.618,3.479,3.372,3.258,3.172,2.991,2.734,2.63,2.559,2.413,2.373,2.324,2.358,2.436,2.512,2.548,2.545,2.679,2.501,2.445,2.436,2.447,2.428,2.424,2.359,2.261
264,Zambia,6.533,6.447,6.364,6.318,6.274,6.241,6.183,6.117,6.049,5.987,5.926,5.862,5.792,5.726,5.715,5.71,5.686,5.609,5.537,5.452,5.363,5.271,5.146,5.026,4.899,4.793,4.707
265,Zimbabwe,4.873,4.714,4.567,4.386,4.27,4.154,4.109,4.063,4.032,4.009,3.974,3.954,3.887,3.821,3.738,3.665,3.62,3.652,3.774,3.945,4.025,4.096,4.096,4.064,3.962,3.849,3.771
