Country,1990,1991,1992,1993,1994,1995,1996,1997,1998,1999,2000,2001,2002,2003,2004,2005,2006,2007,2008,2009,2010,2011,2012,2013,2014,2015,2016
Afghanistan,291.7749066,251.1539015,239.8666924,168.4558936,123.8366015,178.6958916,165.7182938,155.8232737,147.5324115,134.8477126,169.9652233,167.5627001,189.6028417,208.4192692,225.9495894,258.118123,284.2752523,383.0243519,388.4414313,442.777986,550.8871591,636.5243807,684.5292917,669.6820719,639.2014744,598.8356023,571.8862662
Albania,652.9905213,486.8794305,467.0987152,532.1859058,597.7878478,768.65213,1032.575604,717.6878154,821.3211243,1031.694771,1114.514374,1254.715333,1393.347835,1783.649274,2311.523352,2608.543874,2904.34705,3519.225201,4289.95452,4051.132168,4045.744651,4401.730703,4227.650566,4399.863881,4567.281443,3939.413126,4109.340457
Algeria,2397.285997,1763.793877,1816.818163,1839.912531,1500.356214,1459.482656,1600.343141,1616.127861,1592.402203,1584.769237,1761.048998,1750.527274,1783.676549,2103.382141,2610.182686,3113.094277,3478.709639,3950.513625,4923.630825,3883.270236,4480.786786,5455.843408,5592.223152,5499.587619,5493.054962,4177.884983,3946.45421
Angola,1153.055982,1321.174978,1468.397377,1030.063739,1026.434798,476.3091532,605.9262626,687.6739078,561.0684675,518.5137717,744.5564134,705.1088987,872.494358,982.9608624,1255.563695,1902.420255,2599.567368,3121.993897,4080.943884,3122.782079,3587.883041,4615.470485,5100.09819,5254.883253,5408.409568,4166.979626,3506.071546
Antigua and Barbuda,7348.233917,7601.865441,7744.280087,8136.188547,8770.752182,8406.603779,9030.961048,9492.057884,9940.17343,10260.59941,10871.00571,10367.31961,10401.44941,10799.44888,11448.53652,12557.08541,13997.66593,15623.25065,16043.54217,14160.07228,13049.25705,12746.20502,13272.44133,12909.74418,13501.58092,14286.09316,15197.61746
Argentina,4696.261755,6215.106905,7394.405118,7552.90658,8117.595994,8030.896409,8370.528231,8905.089007,8987.909472,8429.767306,8357.517117,7815.684036,2934.672441,3687.372044,4311.230155,5158.320568,5965.690048,7301.506621,9122.82727,8308.701209,10428.6488,12830.39113,13924.75572,14534.92254,13299.32569,14971.49094,12814.34271
Armenia,650.5471997,599.5794016,363.6529915,347.5147049,382.8878202,426.4683315,537.5375029,557.7610443,649.1013363,637.1135701,664.1063265,740.5244157,835.2609381,991.9210881,1271.08717,1752.935361,2301.49363,3347.796001,4277.268948,3193.2351,3432.145612,3759.998168,3681.851297,3838.180041,3986.223515,3607.296647,3591.833313
Australia,19092.13071,19173.79262,18737.16019,18026.79982,20371.46566,21735.82782,23890.2552,23737.93503,20959.66925,22704.0521,21524.18046,20323.80831,22429.92933,28455.84033,34122.20296,37710.33546,39862.70615,47099.02435,49549.80843,46657.28788,58654.11439,68625.8257,69451.23867,66360.87383,62054.15398,52182.32931,54062.22334
Austria,21552.16409,22358.98188,24910.41306,24121.61829,25612.25415,30169.06064,29592.02262,26489.42505,27142.55359,26975.08731,24388.75901,24369.25838,26232.68623,32007.14585,36622.17837,38282.04003,40551.28989,46750.51614,51586.47441,47792.22494,46598.70667,50999.02515,48155.05798,50264.05015,51304.13844,43994.99069,45182.81515
Azerbaijan,899.9426323,909.40098,708.9353179,550.0010205,445.346345,396.2228047,404.3705758,499.9373297,556.5017629,568.8044168,649.1179758,696.2804386,753.4130199,870.2351713,1027.395625,1551.239562,2431.23691,3788.228597,5537.522341,4963.075207,5857.318274,7210.887924,7521.017807,7901.636126,7915.288183,5515.707291,3889.363166
Bahamas,18607.00127,17951.16451,17601.03147,17177.63755,17790.91594,18432.917,20644.25399,22036.62331,23514.35149,26130.20383,27097.71147,27486.13764,28866.93103,28327.3028,28395.95602,30278.36692,30713.85632,31471.98041,30627.23863,28552.30489,28443.52035,28006.16278,29485.62093,28767.95154,29445.03053,31405.96356,31588.91858
Bahrain,9898.817143,10196.08753,10384.92769,11089.85715,11663.58308,12040.10064,12198.82136,12296.25992,11402.75874,11911.95418,13636.40828,12868.28486,13049.80114,14222.04747,15846.55294,17959.25927,19307.60754,20976.55554,23066.50698,19355.90657,20722.13729,22514.24868,23654.35168,24744.38377,24989.38021,22688.90563,22631.53435
Bangladesh,272.7153044,284.7251038,284.2145975,287.132812,298.6999781,328.7839955,338.257592,342.6195033,347.8606225,357.5224876,356.1832244,349.2457261,356.2457521,383.4841059,408.4343365,414.4847568,496.530233,559.5518173,635.0955901,699.85704,775.9272509,827.3845735,853.6053578,1004.867177,1120.013603,1244.53229,1394.605662
Barbados,7874.346353,7782.366203,7493.850196,7874.690011,8247.338833,8637.001021,9171.656471,9653.102951,10837.9233,11309.99665,11609.32498,11549.38832,11705.86993,12054.7206,12891.44197,14242.43542,15199.27778,16770.72121,17092.40353,15886.11332,16056.11685,16459.05806,16249.84048,16452.03692,16488.46788,16525.0859,16900.19228
Belarus,1919.031478,1954.576921,1807.47275,1713.640156,1549.847882,1421.339468,1492.40091,1456.090066,1578.44207,1264.461374,1091.023962,1301.82595,1548.198018,1903.911189,2487.812743,3266.230517,4015.189873,4937.204756,6644.254888,5393.021353,6075.203686,6559.770943,6975.213748,8014.801968,8356.156162,5980.744507,5052.440508
Belgium,20519.53572,20968.06796,23297.23409,22207.96454,24113.47423,28276.1338,27349.93534,24717.32827,25253.01354,25172.79419,22972.53389,22922.64225,24811.61325,30460.55304,35166.87994,36556.89073,38410.29642,43963.2577,47801.66787,44320.40467,43967.73975,47453.46784,44760.05739,46767.2847,47648.78968,40941.89722,41927.00579
Belize,2393.866469,2506.66738,2666.881559,2832.975268,2880.125469,2996.382861,3001.833835,2952.948614,2992.444787,3065.979685,3364.423769,3404.407454,3525.688951,3650.418901,3802.359678,3883.162835,4153.912429,4252.487024,4404.300536,4186.525905,4270.799647,4423.490439,4505.62068,4568.542052,4705.610045,4775.915077,4818.404393
Benin,400.311403,392.2452805,428.2761716,418.8581816,284.3728518,397.0529157,418.704018,390.2459561,410.0684933,403.6224643,374.1938396,378.7406768,418.7025075,519.2838073,583.397373,601.7961279,625.8225564,706.0415548,820.1591764,793.4560564,757.6974108,825.943589,834.2963427,910.6564579,930.8262678,799.378537,789.0923251
Bhutan,515.4445743,436.0813288,439.0948878,414.6814727,487.9759488,540.8237142,564.4697988,645.8523389,638.5332275,695.3147662,743.0235978,789.2069729,871.8034328,990.6715789,1100.063096,1262.248161,1365.55781,1798.968291,1873.608113,1864.524816,2312.848035,2625.435373,2599.400683,2532.01593,2724.156866,2829.889238,3012.970576
Bolivia,709.0598561,762.0763392,788.1484073,784.1957976,801.0332273,880.982582,950.8541574,998.5232446,1049.493017,1003.390789,997.5757404,948.8688054,904.2266197,907.541054,967.3744877,1034.315821,1218.87199,1372.617904,1715.207371,1754.214736,1955.47696,2346.349839,2609.880814,2908.199819,3081.878823,3035.972213,3076.656283
Bosnia and Herzegovina,1737.401873,1399.687717,1118.327334,890.102267,715.9209975,531.1359566,750.5051326,1038.310474,1161.195321,1283.395811,1517.692671,1583.164779,1834.444345,2315.895747,2765.565543,2980.560329,3416.572016,4193.365538,5090.948743,4714.731921,4635.393495,5092.419516,4778.604734,5131.562662,5329.74493,4727.300033,4994.574456
Botswana,2891.988952,2915.890642,2984.247367,2918.007626,2970.072229,3219.904307,3221.67944,3259.013044,3039.985118,3405.816096,3522.297747,3278.033118,3190.612102,4330.913364,5073.562476,5520.18822,5516.066341,5832.719099,5713.571143,5255.743305,6434.7945,7617.291811,7070.293485,7224.897813,7780.61876,6799.859666,7243.940267
Brazil,2730.793363,2496.447743,2350.885274,2594.440491,3640.99903,4802.205413,5161.278889,5271.918047,5028.795819,3447.515982,3732.243398,3164.555648,2851.939429,3074.222896,3637.313851,4790.456694,5886.391428,7348.18804,8831.183643,8597.794202,11286.07166,13245.38771,12370.22282,12300.38622,12112.83525,8813.989375,8707.113904
Brunei,15076.86817,15405.5222,16929.06877,16151.00747,15646.8358,17654.57446,18607.27214,18458.02006,14061.17029,15623.36747,19959.20668,18251.7069,18670.90274,20566.27304,24268.13226,28926.01354,34326.55848,36191.78864,42034.31569,30977.13367,35268.89835,47054.4969,47741.77506,44740.88357,41725.44949,31164.32915,27156.4242
Bulgaria,2344.186603,958.3786415,1092.139708,1391.191041,1261.605914,2266.520571,1482.731925,1378.033139,1847.092671,1690.477238,1656.172907,1788.42271,2085.245321,2709.393949,3377.532549,3885.62167,4505.368457,5860.561842,7235.197632,6957.832948,6782.963385,7774.497638,7364.603377,7625.778791,7850.760855,7032.294077,7520.155731
Burkina Faso,399.9597863,393.6124794,410.256331,380.5947911,219.3877294,267.9647041,283.3360105,260.7618877,290.560226,300.3131301,255.0886045,266.861821,293.2839954,373.793162,417.6295688,457.7492324,473.0236595,534.3516843,640.8046235,621.6729025,647.2067833,750.1868159,758.042985,787.2417221,791.7954426,652.8316439,687.66915
Burundi,211.128693,209.7783795,191.1513064,168.1353889,181.1878344,167.0992538,143.3902526,158.907804,144.4807775,128.950686,111.1659472,101.5004491,93.68898707,86.18730055,95.33298029,151.6809659,167.3764922,172.4957452,198.3529988,211.4274429,234.2359215,249.5767335,251.7201698,256.9759434,274.8625611,276.6263131,279.3755494
Cambodia,189.1483706,242.0218659,248.719977,244.1000528,259.3734422,310.5586659,319.2884118,304.7697791,269.822539,295.5277337,301.6507999,321.7786184,339.4124982,362.8531568,408.5181561,474.1113858,539.74321,631.5251945,745.6094462,738.0542335,785.5025358,882.275616,950.880858,1016.130013,1093.496332,1162.904895,1269.591876
Cameroon,1087.785754,1014.302386,1003.937337,1031.550366,581.6301317,708.9202978,739.229444,687.9872202,722.0512582,717.3835076,647.5918191,654.2012877,719.5009586,877.0651689,988.7498367,1011.879991,1062.137414,1194.069894,1371.746845,1314.706041,1285.258493,1403.251643,1354.62269,1465.224315,1540.567131,1326.49993,1364.326711
Canada,21642.98538,21962.51214,21058.521,20283.61092,20093.68675,20776.30744,21406.92811,22021.79234,21118.25373,22387.43938,24347.9921,23931.26432,24396.49855,28441.56613,32269.63392,36473.44858,40547.87525,44603.34025,46581.98485,40734.32954,47361.08742,51907.24876,52364.83466,52333.94571,50569.52803,43193.74841,42060.16947
Cape Verde,1036.63885,1054.756585,1145.878698,1123.266093,1235.875476,1444.412704,1451.623194,1387.884607,1449.247423,1614.355465,1432.18499,1469.577504,1594.337011,2057.416027,2302.137468,2387.295123,2685.51729,3186.834196,3721.238989,3517.397872,3378.25458,3738.197803,3467.471254,3616.921103,3585.238369,3041.782597,3130.986829
Central African Republic,537.0659534,500.65259,499.2080764,439.2350484,284.0735346,362.1300268,318.7324694,289.2166861,291.2151719,293.9119323,262.8351275,261.9459096,272.8153058,307.2553044,335.5842309,349.8444928,373.3552754,418.0382214,475.7734058,467.8652865,463.6246804,512.8168517,504.1794984,351.9577862,393.2458769,363.2482443,399.1413022
Chad,307.4959085,295.5992149,298.280639,251.9965371,197.8873913,234.4140746,253.3837189,233.8665181,257.3129983,215.917496,188.5867899,224.0969611,250.6275559,330.3727487,515.8476133,661.6673094,712.7326688,776.2425636,927.0558279,815.2596865,917.8801245,1048.118059,1095.354963,1044.401775,1061.170959,828.465789,713.6863557
Chile,2630.454043,2956.730878,3515.317719,3672.613582,4139.147947,5222.152389,5412.899333,5836.435303,5522.607419,5016.838182,5107.635856,4605.251788,4469.279636,4800.372564,6197.927797,7598.525121,9464.550243,10502.35519,10751.47894,10208.90686,12808.03542,14637.24024,15351.55122,15842.94081,14670.99676,13574.17183,13748.08766
China,335.2631363,346.5307227,408.6620964,507.9645826,458.7912704,591.8871893,690.0958669,761.9687177,809.0211476,853.6804571,938.6156563,1030.998299,1124.836293,1262.279134,1477.870138,1717.765087,2056.262012,2637.69939,3394.237722,3748.020176,4447.066897,5486.05781,6163.955279,6875.914018,7458.960054,7829.959886,7876.657788
Colombia,1703.397247,1710.385262,1795.337715,2038.401752,2640.118635,2999.605262,3094.564389,3339.612864,3032.719245,2613.511247,2496.387821,2416.622625,2373.975003,2259.838768,2756.322452,3404.190224,3731.168478,4703.213074,5461.780701,5195.393369,6326.549349,7324.439706,8042.726956,8212.981058,8114.345453,6175.876132,5870.777521
Comoros,1240.936951,1213.381015,1270.885915,1222.438967,837.3359288,1016.448947,982.9491343,880.3902086,870.8640582,876.9995641,777.9791379,819.5441207,896.8287463,1127.084331,1275.930877,1287.284807,1334.853284,1238.461619,1387.594575,1339.337198,1315.216002,1446.069859,1403.427541,1504.919445,1511.815941,1271.057613,1271.846465
Congo,1303.903876,1299.575352,1228.89511,1093.898951,704.0019263,815.2725313,951.3979837,845.0595986,680.3074202,808.1664916,1074.037924,905.8379917,951.6736078,1070.418677,1381.403674,1752.739247,2153.492854,2262.856828,2892.41797,2290.599433,3200.484988,3741.57945,3923.091493,3851.631548,3991.294711,2284.044002,2009.996971
Costa Rica,2327.537124,2238.809452,2595.021879,2828.130835,3016.224988,3245.52526,3198.869519,3375.202618,3579.3208,3653.492678,3772.910819,3944.727617,4024.679562,4129.609771,4385.34065,4655.733391,5200.986947,6071.766949,6859.08015,6760.478026,8141.917761,9121.931798,9913.210708,10490.08065,10547.15185,11299.13618,11666.45661
Cote d'Ivoire,997.3129507,932.754394,939.1560218,840.3333022,605.2994995,782.0492564,827.7559893,774.727668,810.8628912,783.4880924,649.1492694,664.1278218,716.5338422,869.7123831,921.2054645,930.8297425,949.1318153,1061.061989,1235.613488,1210.29545,1211.930285,1220.703552,1243.191697,1415.791277,1559.386583,1425.951924,1482.658787
Croatia,3482.181955,2850.531652,2588.755815,2764.960898,3730.495572,4855.703271,5182.739722,5263.185926,5669.552652,5250.908176,4893.604408,5258.458854,6100.319826,7903.290488,9487.970617,10366.80379,11539.75145,13793.09435,16141.9084,14419.57632,13818.29131,14457.02711,13150.86632,13575.54442,13545.54313,11701.41736,12259.89005
Cuba,2703.135622,2278.305741,2057.078732,2073.070004,2624.725321,2794.584836,2286.893678,2308.018066,2331.499058,2558.930487,2747.134526,2837.729061,2999.245244,3197.124849,3395.747605,3786.64383,4683.557275,5208.707185,5411.271418,5529.67036,5730.354775,6186.114643,6497.319382,6837.711074,7133.340833,7700.428944,8060.799442
Cyprus,10801.63327,10859.48616,12679.34046,11800.86317,13013.30649,15265.16651,15153.85982,14224.94841,15083.02776,15282.98436,14363.99227,14815.63723,16041.79327,20240.23323,23773.18661,25311.4392,27172.29798,31353.20266,35398.71962,32107.32045,30993.07091,32353.31169,28912.42884,27719.99063,27092.4762,23323.37213,24514.19745
Czech Republic,3914.238562,2868.132855,3351.628028,3920.822265,4589.776972,5770.716531,6471.928966,5977.025763,6440.845672,6293.887307,5991.11669,6574.262436,7989.552385,9730.033889,11637.59111,13285.08252,15095.61595,18269.531,22610.36286,19658.36529,19691.31149,21572.70458,19598.40135,19780.07767,19621.96313,17623.14349,18372.05948
Democratic Republic of the Congo,428.4264698,395.1217755,348.4623691,437.3235678,228.6932395,215.1849453,214.1253453,214.9146917,219.6923993,190.8894572,177.0960719,172.3398201,175.0096387,173.7977225,194.040181,218.387535,255.4323325,286.3311526,327.5646488,298.619909,334.0219824,387.0820649,424.600876,457.8510819,486.7872602,497.3166137,511.968008
Denmark,26890.70209,27008.36546,29567.8903,27586.5652,29966.12737,35356.11074,35706.62533,32881.42548,33392.19641,33440.76697,30734.30838,30755.72284,33247.99108,40486.01735,46527.10991,48779.30714,51960.15484,58396.33173,64273.61534,58128.99736,57966.58742,61616.43655,58305.92686,60939.26027,62320.16569,53206.05833,54823.45711
Djibouti,773.9083244,768.3581631,783.0066478,779.5756085,820.8629028,808.4408151,771.3319157,743.2028086,731.4894886,750.1307771,761.4016641,777.0119434,789.9176906,820.4284227,860.4331157,904.7297489,967.3782763,1052.725652,1195.804139,1321.430567,1480.188842,1702.985513,1964.194474,2312.728803,2466.020613,2675.605375,2818.376856
Dominica,2814.502446,2986.512738,3221.47883,3353.308381,3594.205377,3652.913944,3947.003809,4113.379384,4380.919681,4543.225524,4613.964,4709.670696,4633.652224,4811.04771,5324.698971,5247.486362,5625.001964,6055.564711,6622.552918,7041.956072,6967.266654,7070.336736,6839.365258,7171.049612,7362.078263,7597.735831,8070.320871
Dominican Republic,1334.888405,1357.16787,1544.649173,1720.58585,1834.723786,2013.928441,2147.502764,2431.005936,2540.933131,2620.347702,2828.360462,2931.658309,2940.379574,2303.77295,2477.371778,3903.418522,4114.753408,4688.012438,5038.850736,5019.566487,5483.125956,5891.164781,6107.981132,6236.092854,6499.152252,6691.717263,6957.568924
Ecuador,1488.815488,1621.397139,1687.660815,1726.890181,2025.099659,2131.840515,2154.439471,2355.192658,2292.74279,1578.14407,1444.556685,1894.615169,2172.101877,2425.851917,2691.278081,3002.136867,3328.886956,3567.836438,4249.019262,4231.615798,4633.590358,5200.555449,5682.045374,6056.330827,6377.090731,6124.491643,6060.092962
Egypt,641.2284955,682.6333832,780.4931327,845.3475245,925.2350379,1054.929903,1162.884744,1257.033481,1316.403988,1361.257673,1390.112951,1293.241618,1210.347319,1017.168826,1067.617527,1250.68668,1401.539876,1689.39991,2069.966233,2316.59466,2593.368405,2733.968454,3199.827727,3062.989012,3328.175342,3437.21123,2861.438937
El Salvador,914.1309274,983.1800229,1073.31105,1216.701054,1380.707633,1585.109461,1684.785979,1778.837572,1886.359642,1930.623485,2001.538004,2072.299842,2124.102884,2209.496503,2278.431846,2428.569515,2631.820412,2786.157914,2933.395063,2858.478982,2983.230165,3266.011041,3428.409267,3509.530224,3589.040985,3705.57762,3800.120918
Equatorial Guinea,404.9098134,396.1869565,452.6669621,431.7969038,344.6443751,433.4576899,659.4858773,1218.409885,981.2895959,1576.385811,2492.356602,3495.045865,4126.225674,5385.334992,7839.859835,11366.61674,12857.34556,15908.39033,22942.59351,16667.9395,17272.0026,21613.50809,21712.37259,20384.88349,19368.30201,11274.9285,9268.020483
Eritrea,147.1489656,169.4127226,193.6029373,225.6167344,284.3303474,290.2265378,340.7547082,356.2651702,366.7953315,354.7416759,308.1337821,316.8251619,293.9559127,334.5856694,407.7699754,388.5947009,415.0365994,439.8326913,450.6328403,595.1099869,667.7441773,811.3937367,941.6738225,1071.360185,1197.03946,1328.857131,1484.555427
Estonia,3611.264262,3472.497555,2850.253839,2810.822551,2873.462358,3119.7575,3369.639677,3651.683161,4025.968381,4109.590564,4072.800533,4497.657717,5331.870189,7194.789752,8906.32184,10397.74875,12614.16314,16693.33184,18165.27377,14783.58506,14786.24228,17620.46015,17528.2859,19158.61972,20340.30296,17523.32256,18227.32186
Ethiopia,234.0423986,257.7346013,198.9320419,138.5249709,129.5288291,132.9906229,139.8634359,140.3941003,123.6106727,113.8970411,121.2567212,116.8360221,109.6495789,117.1411957,133.8321765,159.3211886,190.8963556,235.4151538,308.8491149,330.7861736,300.2203105,338.1346335,455.2127905,487.9343282,552.1527006,625.5602841,696.4791709
Fiji,1837.958542,1884.721367,2062.297403,2171.773122,2388.281655,2570.671599,2695.41827,2678.692705,2099.953063,2442.487672,2105.953118,2067.056135,2290.205476,2873.273248,3376.507676,3627.785175,3715.894169,4040.095511,4167.647453,3362.753947,3652.549099,4371.737408,4591.573235,4840.370835,5605.719682,5390.685552,5651.363823
Finland,28310.49552,25455.5826,22306.44711,17589.5607,20265.69466,26213.30681,25721.85999,24633.7493,25954.94595,26123.72763,24230.46839,24886.1539,26805.08792,32765.3749,37603.8028,38944.06774,41098.39861,48329.94182,53495.11158,47261.12603,46438.93294,51065.26109,47703.75004,49877.95154,50261.22934,42798.78622,43758.24963
France,21793.13846,21691.56699,23844.16195,22413.2475,23520.81543,26903.67146,26875.28099,24219.29702,24950.8914,24656.80633,22378.02519,22465.65143,24214.94389,29597.09491,33772.47858,34806.95767,36509.66359,41591.76988,45427.217,41642.78305,40685.26118,43812.44826,40870.96311,42587.0047,43005.21688,36611.75391,36979.70226
Gabon,6360.787693,6162.667705,6208.467476,5842.957772,4411.841893,5087.052631,5694.251858,5214.591176,4285.719315,4305.414742,4621.433043,4118.920503,4194.093704,4967.822119,5794.183171,6888.626588,7214.914411,8447.078898,10212.82045,7690.061834,8840.759423,10795.52227,9814.050359,9680.788248,9650.530105,7379.161928,6984.420489
Gambia,1230.698407,1155.714701,1155.296798,1182.833453,1133.80095,1157.454819,1210.998213,1112.495806,1127.909486,1060.1966,987.4348308,839.9722073,684.3356329,558.2530738,642.7552872,665.7211635,662.3618701,780.3790542,924.5135989,833.2816153,860.6392972,762.7605341,742.7795737,700.5148715,607.4289628,660.7234455,682.7184504
Georgia,1640.901214,1343.787235,772.693506,569.5089438,532.7229593,571.4635134,664.9245111,784.1451433,830.8177134,660.9379148,737.4551576,788.1825924,838.846017,990.5425249,1276.012133,1601.875516,1944.722331,2568.282504,3249.168583,2749.497172,2986.80322,3701.895109,4057.186532,4245.815504,4368.285397,3715.95498,3770.83671
Germany,22410.596,23511.173,26658.29199,25752.68738,27278.69497,31866.67551,30708.32335,27174.30403,27505.01109,26958.37744,23871.28793,23867.36969,25372.11175,30583.24298,34408.22275,34872.99502,36724.70467,42090.85715,46014.08008,41997.37979,42020.0427,46309.80564,43562.18924,45984.26306,47684.49516,41088.84158,42178.25937
Ghana,894.4196123,976.9203029,933.3330549,786.1682376,697.5957804,806.0353189,842.2054361,816.2490997,864.5710344,870.2745699,548.2580474,570.6396045,646.0387188,780.2675647,885.6375073,1043.557511,1207.207961,1427.032007,1602.504302,1422.601095,1718.647038,2062.806618,2135.398102,2378.220096,1968.875165,1765.993664,1931.389538
Greece,9572.952267,10193.17297,11153.23766,10329.80604,10954.22597,12738.92521,13465.30968,13125.47464,13165.74537,13525.17819,11885.75824,12231.41234,13757.26601,17997.89692,21409.15754,22074.07149,24434.34648,28639.50873,32107.24746,30109.6984,27495.55083,26576.39033,22787.10864,22332.48093,22149.22373,18442.36113,18390.87142
Greenland,20025.36556,19910.43841,20303.71716,18142.38694,19693.39228,23670.73547,23435.87251,20965.98041,22458.54946,22062.41739,20775.92386,21071.88792,22604.792,27487.47521,32051.84345,32480.59996,35335.64123,39520.98942,43966.36928,44598.15365,44195.89653,47468.90663,46213.54161,47593.63173,50408.22045,44328.59296,47988.71589
Grenada,2450.97724,2565.764416,2595.647999,2564.623318,2660.880398,2774.376437,2953.961321,3162.72885,3459.622413,3708.93618,5057.174686,5040.672979,5213.897341,5682.597169,5741.597923,6644.025667,6658.534493,7212.521962,7832.439859,7290.718107,7257.771265,7291.055429,7444.497529,7789.316542,8370.454714,9096.870791,9628.347396
Guatemala,736.1941644,884.2251101,958.7132564,1022.556707,1137.819376,1255.280858,1321.549701,1456.255331,1552.966357,1434.044428,1475.925345,1568.377794,1701.761695,1753.339184,1872.738009,2077.822333,2256.555934,2489.947084,2794.166352,2635.730844,2825.494227,3187.859086,3299.664857,3452.917045,3687.82265,3923.565631,4140.565627
Guinea,614.8672711,631.4444243,661.9628764,641.2233936,654.3911129,723.5798747,737.4678936,701.4502879,624.1263978,589.890549,518.0898099,484.153225,475.1355878,544.4654438,563.3262196,446.0267703,453.4035201,659.9927104,715.0968254,674.0855449,672.4244016,651.1353122,717.0505957,769.0034554,787.237719,769.2560113,732.9629176
Guinea-Bissau,624.6558836,650.3110711,670.3777864,686.359753,706.2695047,734.5311382,482.3602667,364.1736783,325.4532921,344.7906964,301.9065369,309.7521505,325.4455385,371.2211593,404.3491295,436.3019843,429.622258,493.0705148,597.576452,557.1710548,557.6321083,702.7422647,616.4110966,634.4833144,622.4825921,602.9446772,661.4559332
Guyana,850.1127764,746.5038018,796.4201546,986.5237597,1145.89713,1302.240238,1478.84757,1576.120025,1518.013048,1477.901601,1521.999871,1523.990086,1554.748401,1590.250453,1684.681324,1762.937227,1954.125696,2331.410105,2574.391604,2708.984908,3014.654092,3426.200163,3774.367733,3937.92452,4030.871614,4142.522225,4455.233685
Haiti,439.944063,417.3181456,288.4756491,242.1168383,279.5116274,348.0585593,376.6705808,403.7856384,459.6497468,491.4849675,432.9617604,407.5023091,367.2063376,317.6027232,404.6040379,440.0775447,508.0336316,650.2427872,665.1452012,663.6353873,674.1945004,739.9441973,762.6198476,806.1560243,820.0067463,781.1522041,700.9045583
Honduras,734.0194074,717.9700501,777.8150547,775.3471098,737.9356265,827.544722,828.610976,930.5583323,1009.264274,1011.555748,1093.210878,1133.416549,1134.321574,1158.661672,1218.04698,1308.088549,1430.056421,1583.047856,1739.357211,1789.706651,1904.346465,2088.310701,2144.337167,2102.595318,2206.056314,2302.204002,2342.583237
Hungary,3584.10072,3353.587485,3738.967615,3873.453521,4166.100888,4487.134304,4515.7491,4588.16056,4738.19851,4787.918968,4619.967627,5272.947366,6649.051985,8411.314458,10278.33372,11201.82961,11493.75943,13962.87865,15826.50128,13129.28714,13209.4967,14259.71505,12991.5897,13769.58596,14335.43248,12735.80713,13073.70045
Iceland,24987.58173,26423.62936,26815.48904,23325.02527,23741.61926,26223.25596,27136.64719,27798.82535,30854.39238,32287.0764,32105.99814,29003.72571,32575.22113,39638.75061,47525.13966,56995.71423,57441.67076,70498.56294,57599.81612,41652.12691,42717.74459,46861.72111,45214.14966,49004.13992,54042.5267,52655.47383,62064.99358
India,376.9011799,326.7240166,322.9855066,309.7612898,346.3672402,385.6976944,400.7134092,425.1623835,421.3410078,444.860576,450.6521425,456.4267589,469.0081005,539.3233904,622.4454304,717.6755434,805.7292691,1001.28043,1055.635911,1080.070556,1352.706184,1497.189524,1470.14242,1496.713497,1576.827781,1638.556402,1726.087847
Indonesia,734.8707876,808.9179568,863.2367155,964.4190865,1062.576416,1195.559301,1324.891933,1239.081737,540.456942,785.0612664,830.6891054,796.6895698,958.4427581,1134.62401,1224.713478,1345.055304,1692.703544,1980.393955,2307.106731,2407.609506,3122.362804,3643.047177,3694.359234,3623.927341,3491.637492,3331.695119,3562.816401
Iran,1709.599009,1822.34802,1866.184763,1996.51835,1887.664616,1861.319728,2015.293177,1851.721944,1767.540981,1821.688791,1700.839563,1828.785561,2230.074527,2277.586137,2756.198524,3246.05109,3774.35783,4904.666305,5717.314531,5709.947975,6657.834688,8072.632493,7982.634087,7053.505877,5731.259579,5012.421483,5346.672802
Iraq,1370.731799,467.4871783,536.7746273,372.2090479,288.7973526,241.3549712,410.3868863,434.8663443,537.7350096,909.9955968,1006.779242,1021.683696,978.2673503,902.4730503,1392.356266,1855.522004,2361.013565,3182.947935,4351.977226,4441.430235,4657.280426,6045.495551,6836.027509,7076.554613,6637.683989,4688.318938,4550.658638
Ireland,14061.0373,14170.60233,15861.60742,14795.45787,16022.59537,19270.87844,20962.98936,22685.98588,24426.91192,26447.82196,26394.43899,28403.77887,32741.92579,41275.06133,47775.58635,51106.58628,54855.17834,62410.75037,62286.47126,52574.964,48777.58096,51724.44583,48825.91503,51684.01476,55863.54006,62655.45645,63998.60334
Israel,13237.84289,14689.42268,15874.10844,15382.123,16875.75153,19043.46245,20278.85776,20604.0758,20341.82507,20105.10844,22257.49558,21574.80505,19633.17313,20222.60168,21179.96445,21828.52745,23056.78789,26136.46409,30780.36438,28854.70372,31851.54806,34922.55159,33773.04919,37833.50757,39413.04574,37577.6773,39332.98684
Italy,20621.52569,21729.88002,22990.57721,18526.00177,19119.96045,20545.88302,22999.70209,21824.84778,22383.22776,22098.19804,20176.13354,20518.66967,22223.05232,27344.67799,31119.1437,31870.95891,33271.82761,37621.44111,40713.84243,37071.08897,35971.50621,38463.27548,34854.63378,35589.63182,35741.55771,30306.12213,30917.99002
Jamaica,2180.673374,1933.697588,1715.789845,2189.534443,2173.162792,2596.002743,2889.777586,3250.895851,3368.196007,3375.676099,3392.121895,3437.663539,3609.194723,3480.516475,3733.800338,4103.593701,4331.308616,4623.752955,4928.114917,4335.180955,4704.050492,5111.533403,5209.785166,4996.972564,4833.784004,4910.535176,4843.343197
Japan,25162.13497,28691.48728,31187.80806,35432.63209,38928.34032,43121.88217,38167.70538,34791.07064,31722.71193,35829.88639,38326.22148,33696.76287,32176.21872,34715.88289,37558.58401,37057.22791,35277.06216,35139.86173,39193.72824,40693.67659,44344.12458,47918.35946,48302.7615,40180.41072,37843.99658,34296.76182,38560.90471
Jordan,1139.194061,1126.743604,1351.191893,1348.155148,1428.871282,1482.370494,1479.106567,1510.062188,1617.110954,1636.552646,1668.91604,1738.354505,1820.874244,1895.774378,2066.289738,2206.190472,2539.267681,2763.940145,3386.309035,3473.468832,3652.065081,3772.427554,3823.901392,3946.180935,4042.059829,4092.413413,4102.523063
Kazakhstan,1811.226796,1668.426719,1622.668077,1519.000454,1369.886102,1298.129386,1345.66633,1438.785392,1457.209785,1123.180812,1225.781349,1485.740077,1645.051239,2041.960735,2829.613269,3708.653347,5208.827018,6677.443694,8412.597054,7187.473471,9109.328497,11680.9362,12416.69453,13898.33066,12796.65611,10493.29823,7698.899797
Kenya,533.8129646,486.8195309,465.9491214,313.4716471,386.8389436,483.5728618,480.6169312,508.5217947,531.7465556,472.3087404,452.5257622,453.600251,447.155428,493.2324161,518.3422137,587.1834409,685.9735582,825.6954571,902.1133866,905.151096,951.6781896,971.6333668,1136.811389,1210.385909,1315.802992,1336.883985,1410.532366
Kiribati,552.4521208,642.8347938,643.1495551,621.2909615,714.8918202,720.2659191,847.4660422,838.3869711,804.829029,833.5151456,885.1045339,759.9060396,844.491717,1060.409016,1131.179283,1214.58126,1168.471653,1374.479507,1428.145537,1312.008914,1516.861073,1735.085683,1787.372436,1715.688927,1635.19174,1524.761345,1613.430009
Kuwait,8815.172436,5422.268246,10389.31017,13514.8467,14981.76026,16535.30598,19357.62347,17746.58073,14169.13761,15434.93988,18442.81088,16588.16925,17845.48918,22147.21143,27010.64821,35590.70407,42785.59762,45780.59015,55489.37529,37563.32973,38576.3778,48623.04912,51972.1826,49389.97618,44069.03988,29874.03252,27649.71693
Kyrgyzstan,596.4002193,561.5864089,491.0614576,422.1722953,341.9165129,326.7328895,394.5879466,375.5820466,342.6885932,257.0595017,278.4305358,307.729283,321.6873318,383.268591,439.0175642,484.7445497,553.0752573,733.4650953,978.1121782,879.159569,884.1945319,1123.206515,1174.961698,1279.81958,1277.79305,1120.664857,1121.620886
Laos,211.7650275,244.6259253,273.0433762,300.2223001,339.6581407,382.2166551,394.3683146,360.3504209,260.3286854,289.4667903,339.2429128,337.8004127,347.1295107,391.6837561,455.0942168,512.2594297,616.8218021,768.7213379,947.928502,985.0899461,1170.308459,1377.175707,1581.396172,1825.665622,1998.329714,2134.712363,2308.800473
Latvia,3613.703911,3366.20837,2267.502082,2004.853807,2092.516704,2148.765838,2400.990904,2653.03473,2940.177432,3121.927976,3327.986163,3533.451765,4085.635608,5087.580586,6299.309729,7508.441509,9634.366214,14057.52236,16421.75757,12240.55162,11234.29219,13608.40873,13618.3702,14803.52691,15526.65932,13560.78102,14047.82345
Lebanon,1052.497175,1490.812819,1864.086371,2436.449353,2751.26866,3260.974569,3775.597657,4262.796261,4578.307818,4538.432325,4340.229536,4275.937288,4474.28117,4512.280099,4627.657988,4573.533555,4632.318081,5217.475217,6134.127547,7371.096741,7756.74581,7703.861577,7987.328791,7925.994476,7713.745443,7649.832627,7631.353236
Lesotho,368.977043,401.6812295,471.0420498,457.927121,458.7162694,503.2183104,494.8026406,529.2223396,457.3110739,452.3407653,432.4489464,395.5075778,368.7830957,547.3060166,701.3016239,781.3418908,818.4177092,916.402525,941.4172516,937.6110701,1195.613483,1391.370031,1329.286799,1245.246835,1279.494676,1196.957303,1110.635197
Liberia,286.7196042,264.1206972,172.8932257,125.6454513,103.0451046,102.082554,114.2408481,179.9533063,202.9727442,228.1737485,226.4189017,215.918891,227.0229392,171.9380951,205.3538232,219.4552832,244.9288522,274.1260535,305.1670519,307.6609166,332.0179392,382.8305716,419.2802163,455.7080493,470.9249167,463.8734287,466.6419034
Libya,7007.14982,7572.063644,7836.728884,6935.010742,6338.47996,5717.033635,6211.89901,6485.723906,5752.941369,6376.088565,7180.158489,6257.537291,3961.724438,4667.859197,5830.446721,7838.335308,9355.857102,10488.75158,15733.70686,11222.42149,13060.15181,6496.624235,16094.44425,10414.84526,5315.581601,2752.38466,2359.718945
Liechtenstein,60990.6724,65118.67185,68795.58963,67081.70389,73804.23676,87281.25011,86703.94203,80535.42801,84879.51181,89917.17947,82786.23031,82138.96857,87771.37051,99379.74391,110894.327,116559.6517,126511.4131,144508.9988,158442.3057,139441.6533,156166.506,174912.6198,164807.7526,173057.655,178853.1346,167294.1857,165630.1327
Lithuania,2770.409927,2700.502865,2180.3768,1878.738279,1741.665138,1848.099396,2326.809374,2827.012009,3161.774521,3109.239047,3295.242858,3527.355332,4144.087014,5506.975962,6697.964632,7816.779855,9144.848879,12191.41767,14907.4688,11820.7134,11855.51957,14096.80575,14067.20704,15434.72067,16330.4896,14118.03913,14888.77793
Luxembourg,34650.14079,37068.93921,41049.27639,41547.37261,45539.42355,52893.55216,52599.54631,46983.03854,47456.81357,51558.64158,48757.97348,48324.22782,53225.19545,66073.62322,76771.42665,81570.64162,91089.39983,107146.5895,115062.1757,103453.4857,104771.8632,115547.509,106766.9105,113792.6722,119210.0016,101888.6192,104773.4426
Macao,,,,,22636.74113,23774.96585,25821.03069,28151.6494,26318.47389,25414.94205,25985.5285,25417.8729,24821.61416,23999.00528,25072.0015,26821.37812,28452.39024,30935.15929,31863.28175,30911.02698,32820.53043,35468.55427,37268.98568,38892.01775,40851.22135,43053.96532,44296.39054
Madagascar,311.1764223,262.32078,285.4248153,308.7244038,264.496764,272.2250535,333.5933339,286.884728,293.0686956,282.6875364,285.518545,323.3830455,304.4961076,367.7822155,284.5713406,319.0011286,339.1267229,438.6552979,536.3514717,467.53973,471.9592116,531.2655054,518.1527278,541.0660461,530.8612487,467.2352721,475.9555618
Malawi,336.6813722,381.0319366,339.1609942,372.0057514,218.9935249,251.2751803,296.8080236,305.9848022,304.6194269,295.640602,282.576489,271.3082367,298.4208761,267.426531,282.5864707,289.5535993,308.1631858,332.2591761,387.6059452,438.2119572,478.6687301,535.142901,371.6178834,334.0020948,366.1809299,384.0728422,308.6232861
Malaysia,2441.764559,2653.076458,3112.8111,3433.169985,3728.315598,4335.923975,4798.341352,4645.462375,3263.687261,3492.669354,4043.662051,3913.428726,4165.726104,4461.847687,4952.212975,5587.037944,6209.163511,7243.520503,8474.502146,7292.488425,9040.602977,10399.36107,10817.42868,10970.07453,11319.20503,9955.241456,9817.787286
Maldives,1257.818976,1388.493162,1573.79363,1734.631658,1869.302737,2228.490141,2466.636974,2734.273186,2855.800254,3057.91393,3171.928878,3098.499829,3104.585157,3475.983309,3941.431143,3639.966566,4809.963116,5574.451873,6614.159149,6636.412426,7076.662433,7291.423438,7265.596952,7928.452188,8499.369338,9033.372063,9209.303394
Mali,323.2848905,348.3128752,349.7344032,336.1858617,239.2537239,295.9533407,319.9681343,284.4998345,316.1094102,323.1686221,269.8711474,307.4369176,334.8365189,392.5247496,440.168434,488.8280977,522.5783628,596.6902105,690.8825083,698.2183961,709.5819337,836.5098384,778.6695539,805.2215336,849.6636138,750.903903,781.6554153
Malta,7277.825411,7793.173498,8495.917364,7557.405482,8297.866204,9809.931053,10009.57715,9840.214466,10265.48916,10479.82464,10296.94432,10260.2667,11203.76829,13510.3241,15004.2676,15799.00455,16693.19009,19444.20856,21923.51505,20720.80462,21099.51937,22745.91227,21839.44925,23822.00584,26223.37441,24684.95293,26237.61198
Marshall Islands,1675.658691,1720.484361,1866.490263,2014.626698,2172.30007,2405.114731,2214.309461,2107.050228,2158.634085,2141.646887,2186.850275,2240.853526,2385.75633,2380.427211,2436.575575,2538.656122,2630.26019,2752.188703,2764.011696,2753.274116,2986.080811,3105.281898,3290.148932,3377.457445,3238.145963,3159.213252,3426.281181
Mauritania,1025.311157,1071.155644,1057.592317,880.5139887,909.487595,933.9332955,921.1883604,872.9119122,742.0358969,705.4798149,632.322676,616.3301726,612.9042112,703.3306987,826.2944396,928.6326274,1196.559192,1339.175414,1580.752148,1338.904366,1559.645261,1702.220566,1697.502517,1775.788799,1706.161941,1562.082567,1577.058159
Mauritius,2590.364104,2742.107646,3151.242641,3142.132875,3383.042846,3785.561366,4092.802044,3834.783689,3782.060374,3858.150082,4108.573596,4034.944039,4206.230126,5023.550703,5650.644256,5544.404146,5723.372455,6605.253912,8061.53731,7338.35141,8016.050811,9206.776089,9308.981439,9661.587029,10182.83537,9283.601068,9693.960441
Mexico,3573.184431,4198.427591,4767.65951,5649.996062,5854.388948,3928.208627,4412.088235,5289.194706,5481.156449,6157.194085,7157.846041,7544.535,7593.170558,7075.357074,7484.508648,8277.677581,9068.25972,9642.687958,10016.5563,8002.986912,9271.392119,10203.40032,10241.76032,10725.19031,10922.41713,9605.972555,8739.161981
Moldova,1091.628923,929.2241843,674.0587671,682.8430542,483.1529531,488.538266,470.8903426,539.9886051,479.1014174,332.7795505,367.9203212,424.4713952,477.4379828,569.5877007,748.0837559,862.2935377,986.5619459,1278.928729,1766.838855,1593.230359,1707.01031,2062.76376,2136.788276,2330.716801,2334.703839,1902.680599,1985.108581
Monaco,82624.63317,82127.61171,89962.86505,84158.06323,87837.37973,99959.71034,99339.42776,89067.13163,91315.47295,89856.67624,81190.25361,81191.37908,87231.82942,106319.0293,120940.2798,124190.4064,134036.6239,169966.496,185729.4721,154783.4801,150577.0399,168796.606,157518.7633,177601.9249,189162.3289,165945.4568,169896.2606
Mongolia,785.3867662,725.6473356,664.0358663,653.6177427,677.7511313,730.0240172,691.0676387,612.7260816,560.360824,518.6884035,549.854281,607.6407927,662.7594259,749.2558958,925.2405645,1158.142546,1547.013573,1893.14126,2477.336641,1987.794917,2643.293413,3757.57033,4351.883362,4366.067706,4158.53425,3918.581677,3660.149953
Montenegro,3491.26225,2848.648815,2399.901293,1324.859221,1364.129507,1958.195194,1410.177894,1368.974017,1393.551977,1361.081993,1615.592162,1908.171007,2107.278731,2802.094037,3402.859642,3696.934038,4405.146344,5940.590958,7316.427792,6676.544304,6630.025018,7258.478086,6530.796774,7127.905005,7321.071105,6464.703332,6973.052941
Morocco,1222.200694,1293.827485,1299.186787,1203.121128,1340.49112,1434.664878,1570.923982,1413.514323,1495.987379,1467.223602,1351.018895,1360.945842,1441.834846,1757.762034,1986.973002,2053.639466,2238.996465,2536.317631,2933.301005,2909.48878,2882.110528,3092.283635,2956.0836,3168.42274,3219.455393,2918.891836,2941.156676
Mozambique,297.2773113,268.2049544,185.3659909,186.1334366,183.8678408,181.91758,241.8099192,282.355366,317.433745,336.7783777,310.1951282,286.5156449,293.6800128,317.1246144,375.7984121,412.7700741,431.8557432,473.3282375,565.1379199,521.9844038,472.6061383,594.586284,657.6453057,664.0771919,673.9695175,589.8593918,428.9263377
Myanmar,125.2949912,126.9844138,140.7076751,151.0016804,163.8738213,176.8227949,189.2872511,200.8354712,129.921001,142.3878234,155.722871,161.6495118,217.3723632,206.1294781,211.1388484,243.7353858,280.9591665,367.432151,518.0178169,655.4143691,819.0563847,1135.277058,1186.721506,1198.390911,1268.146872,1187.21771,1217.638864
Namibia,1944.121967,2026.997114,2257.621189,2069.598661,2284.581888,2421.880499,2371.857547,2416.139891,2209.77848,2165.118837,2136.431522,1906.296846,1769.16808,2560.757393,3396.915877,3673.985831,3974.493567,4356.26615,4153.23621,4265.271755,5324.601065,5753.969686,5930.573838,5694.11364,5624.175681,5032.881621,4786.24006
Nauru,5180.502779,4664.330933,4252.432222,3578.171324,3494.756201,3279.573071,3162.247526,2904.545374,2271.504216,2352.129568,2100.846134,1863.617642,1887.055676,2411.556186,2789.605532,2669.612496,2583.646123,2348.259352,4200.363747,5457.609541,5924.758822,8729.873347,11887.33582,11575.90013,12909.60204,10050.38555,11502.49139
Nepal,199.9519003,178.7416869,188.4196196,184.8305028,205.8229697,210.1596219,213.3735657,229.855458,212.3028726,228.8768813,239.3531509,241.9550882,238.6037343,257.7538737,286.612438,320.7997553,344.8904168,415.3789895,438.4537818,473.889534,602.6977662,682.9316922,664.2379832,677.1691037,733.5917741,769.9862762,769.6144976
Netherlands,21270.84325,21739.39167,23934.17039,23156.04746,24668.97706,29240.45403,28944.75079,26622.65394,27818.38949,28220.45005,26148.28271,26920.12082,29275.29645,35724.44643,40350.75874,41856.72373,44604.56014,51339.1735,57220.35386,52207.71572,50743.81746,54013.35621,49963.03603,52063.01628,52744.12301,45179.02972,46140.66134
New Zealand,13371.95152,12719.48392,12006.54407,12804.559,14783.31947,17184.36352,18694.1035,18468.93764,15111.17,15694.00447,14108.16115,13845.95692,15775.20408,20862.49232,25106.55974,27741.47936,26663.88763,32439.66335,31152.95448,28066.36238,33542.73499,38124.97737,39430.36412,42222.80654,43969.96484,38458.40251,40397.71611
Nicaragua,851.8087276,856.1931139,887.7402712,926.3016293,844.1726508,885.193509,905.5497833,906.3061352,940.7915076,969.7053233,1004.586767,1036.64373,997.5064286,1002.33704,1076.177292,1158.413421,1226.688963,1327.960986,1499.26235,1444.376467,1503.864116,1655.813133,1760.463296,1811.639765,1934.064613,2049.848036,2107.574238
Niger,437.9268826,402.4979449,404.5941657,359.1349922,214.6444563,250.8270128,259.3494368,230.5682368,254.2611656,241.3438316,203.0960309,213.262256,234.441617,278.2065504,294.1060199,329.5085129,343.5709657,388.6888161,472.1202137,453.9472384,462.8464855,499.0166304,519.8508658,552.1934321,569.9816129,482.9268584,494.8584835
Nigeria,646.3017262,609.6687655,522.9184253,554.7665329,469.9759343,467.6905861,484.038905,494.3886752,500.2391693,497.8415405,567.9305499,590.3820804,741.7477675,795.3865545,1007.874138,1268.383121,1656.425188,1883.461186,2242.87157,1891.334841,2292.444775,2520.403936,2746.990896,2998.071546,3222.692106,2730.427139,2175.998069
North Korea,734.8580071,662.6375804,593.0787454,503.2354018,384.4622332,222.2510553,478.7875091,461.7665264,455.5062682,451.7886965,461.9564942,476.1268506,467.9792391,470.9768155,472.9798408,547.9306937,575.1341057,597.3198638,551.4155687,495.1908054,570.962746,639.1278947,644.690218,667.8728039,697.778208,649.855656,666.6760728
Norway,28204.10826,28544.91002,30479.31155,27932.47595,29282.13265,34813.56224,37221.06048,36503.85721,34663.04681,36272.88993,38060.0917,38462.86281,43010.09407,50077.16847,57524.5786,66679.62277,73952.49679,84955.54737,96887.05914,80008.39019,87754.34803,100697.2935,101622.6345,102916.8546,96924.22507,74194.94578,70238.71867
Oman,6376.934105,5922.590226,6209.312174,5962.985356,5946.623704,6192.541712,6755.049797,6961.773436,6215.701608,6915.352593,8601.271932,8475.957543,8626.972679,9066.304784,10126.16678,12377.09481,14420.48408,15838.49342,22139.68434,16823.79495,18712.5763,20876.78803,21872.62025,20865.78628,16984.16872,15344.54354,15761.23567
Pakistan,479.955148,505.271536,552.6972629,530.6672332,555.9829089,624.2370736,604.6344065,590.5382242,577.6069095,561.0803849,540.0028401,501.9153795,537.3006833,594.3472229,666.084545,734.2823553,831.1019736,906.5354757,880.2118723,920.3080544,972.5973129,1154.529152,1146.099479,1151.666255,1274.669722,1339.012975,1362.860008
Palau,5234.997277,5623.344019,5886.676526,5275.074831,5440.991147,6431.521673,7493.310123,7925.62618,8036.477078,7622.243715,7737.92201,8158.413288,8230.126801,7974.304609,8726.732773,9325.554674,9673.943654,10159.21631,10587.27326,10028.40016,10219.92832,10884.41375,11967.30975,12688.19669,13794.79003,15871.84229,16932.33252
Palestine,921.1961016,952.432273,1124.867491,1159.147353,1208.319502,1332.928162,1321.887478,1391.945274,1441.422684,1455.650135,1422.614377,1286.139579,1118.51629,1225.802751,1313.174278,1432.575704,1460.31779,1548.186324,1895.516842,2043.045529,2387.17477,2695.673779,2878.271811,3118.82503,3158.916317,3084.982975,3323.241985
Panama,2498.838136,2690.863599,2996.173275,3205.226445,3348.441092,3353.588391,3387.499562,3590.411856,3814.388045,3917.968422,3896.608459,3883.295898,3959.850313,4095.223755,4406.97344,4718.639744,5134.162073,6166.180729,7154.274501,7576.140457,8082.025049,9358.258031,10722.28706,11889.13226,12796.06419,13630.31145,14356.32262
Papua New Guinea,1069.622535,1228.834169,1360.200432,1510.756318,1578.430066,1402.255564,1456.543828,1358.2978,1013.126667,902.7552193,899.2445075,771.6036141,750.9842976,897.2292689,987.7039519,1125.849734,1249.643467,1401.90999,1672.934781,1626.273404,1949.352741,2406.927931,2790.635211,2729.863038,2894.739772,2832.039829,2596.806987
Paraguay,1425.940454,1649.195559,1658.920231,1726.281314,1925.494277,2185.594389,2318.183661,2297.674702,2005.960801,1811.677172,1725.339746,1536.980179,1480.006938,1513.88862,1814.684046,1941.283797,2330.478118,2976.842026,4041.421623,3625.440181,4359.629748,5322.963823,5183.08207,5926.832909,6102.943278,5406.703857,5319.432234
Peru,1319.30146,1525.350174,1562.438834,1479.951095,1872.547756,2196.419705,2232.955392,2306.294514,2162.677072,1925.150183,1955.531972,1942.176892,2021.929485,2146.095324,2417.478094,2730.209523,3154.877986,3607.171865,4222.769799,4197.276579,5082.309782,5869.32308,6529.005839,6756.755205,6679.238107,6227.509975,6205.441526
Philippines,793.1989613,793.0130909,902.7257883,904.5486763,1041.387273,1176.790785,1285.549328,1249.248529,966.9879867,1087.37862,1038.902663,957.1890007,999.9065964,1010.309015,1078.628624,1193.977472,1390.517968,1670.590475,1916.297243,1821.524382,2124.058456,2345.325681,2572.629613,2749.387535,2831.319469,2867.149473,2941.217428
Poland,1738.077259,2246.597481,2470.539988,2511.788277,2886.834417,3695.874422,4153.32741,4128.124408,4522.032927,4400.486514,4458.033979,4944.798495,5162.022431,5658.275932,6643.288623,7978.502376,8988.612157,11186.92197,13916.87399,11467.23119,12505.19695,13812.15536,13089.01664,13738.42955,14317.83488,12556.66995,12425.60722
Portugal,7955.066355,8999.241631,10812.40065,9504.548424,9924.539512,11705.12817,12101.3976,11501.48514,12135.45918,12426.13148,11489.68949,11748.61893,12917.61622,15806.51178,18054.06776,18763.43154,19783.2091,22715.90157,24761.37071,22980.54214,22449.94396,23160.98263,20542.49303,21614.53721,22037.95033,19223.29735,19978.23482
Qatar,15454.08262,14124.29283,15434.45906,14270.97327,14544.09121,15849.7203,17337.42239,21104.72445,18593.54797,21723.69996,29976.11704,28517.26721,30214.85901,34517.75509,42124.96637,51455.59992,59529.96662,65421.65681,80234.43685,59094.52366,67403.19425,82409.57733,85076.18024,85050.86635,83858.47685,63039.06349,57163.07568
Romania,1728.092799,1305.568889,888.9920571,1203.099973,1380.886807,1639.772258,1629.779212,1583.15657,1868.489022,1622.709867,1691.209316,1851.674965,2112.908071,2756.285522,3532.207726,4596.957406,5746.537102,8300.238385,10289.10916,8436.00855,8119.689548,9020.268305,8463.553644,9484.440232,9963.515371,8928.149047,9521.731513
Russia,3891.153447,3809.628321,3325.321021,3105.750469,2769.66778,2714.037069,2667.741661,2760.603337,1851.800709,1342.964636,1786.601001,2117.529355,2396.079489,3005.032267,4141.604455,5369.834069,6970.714344,9160.757918,11707.65537,8613.979912,10732.17782,14277.07482,15349.64226,15916.28439,14265.13403,9421.873091,8845.367405
Rwanda,334.0748367,255.8712253,285.6907907,296.0377939,192.3097286,210.7634672,221.4038972,278.9654829,276.5085899,242.3176404,218.6481324,203.491979,198.9549789,215.8320167,240.595639,292.0139018,348.5457156,412.4339158,510.3217676,549.8828943,574.9670743,637.6277701,695.3046085,705.0362982,723.2547572,728.0874823,726.2988019
Saint Kitts and Nevis,5396.538892,5461.768264,5949.751506,6411.949813,7092.276215,7450.805371,7862.141129,8733.529348,8858.519564,9313.26842,9553.293367,10273.35773,10640.98306,10261.00643,10942.49201,11678.16343,13612.68956,14426.83212,15590.52879,15388.44344,15508.61699,16538.09653,16044.557,16685.02661,18051.89007,18029.32554,18811.94512
Saint Lucia,3368.736106,3573.787344,3920.808926,3877.716394,3993.51369,4204.161561,4414.955919,4436.842989,4803.227415,4993.069222,4990.638476,4666.349632,4654.21379,5019.853218,5470.662609,5724.391972,6860.303889,7639.651129,7568.383885,7429.155652,8044.121407,8237.692536,8151.992455,8358.905263,8744.291121,9262.256146,9452.05543
Saint Vincent and the Grenadines,2179.439737,2327.916852,2555.364202,2610.143197,2662.339548,2889.747901,3049.478032,3218.15362,3480.91113,3620.454427,3676.454418,3988.065325,4272.979789,4447.71988,4810.015892,5070.760266,5626.43894,6306.958463,6415.543439,6232.23813,6292.789487,6241.887591,6390.447255,6639.607146,6684.807367,6920.878074,7075.06582
Samoa,707.9406493,701.3276248,732.6642103,729.9381914,1208.229437,1184.968747,1325.071595,1435.140783,1338.970174,1359.921578,1362.086583,1403.848209,1539.874132,1863.665645,2216.40368,2485.505119,2562.396243,3636.470394,3682.819859,3332.425388,3722.141969,4059.731231,3995.001513,4005.736315,4061.817938,4066.318256,4223.597309
San Marino,34490.64187,35871.7157,37436.8459,32732.29939,34980.98557,39329.67734,44720.56047,41704.08394,44282.4302,46340.51359,41540.17439,43206.20093,46037.20746,57955.59112,67101.99745,69138.88877,72908.2598,82744.69206,90419.36785,76672.38608,68505.00574,64872.32185,56084.90375,57291.64047,55992.56913,42643.35454,43796.13381
Sao Tome and Principe,951.7199427,838.09346,724.1723602,941.1319443,965.0547508,748.9119052,960.8336524,643.5677137,498.6951642,525.2621467,509.3801126,498.9829549,549.7116212,640.5208202,685.3335473,801.3727039,831.5211124,876.8936609,1098.767936,1067.917447,1094.710487,1263.865459,1340.526642,1577.022373,1724.884854,1544.940211,1661.02378
Saudi Arabia,7236.348968,7872.730771,7921.513303,7475.563753,7411.41155,7680.328124,8324.693898,8540.264885,7419.158431,8007.965062,9171.330489,8684.655345,8695.401775,9609.976004,11185.13337,13791.51145,15384.74029,16516.62653,20078.25538,16113.14374,19262.55252,23745.88226,25243.60719,24845.12384,24464.2173,20627.93278,19878.76139
Senegal,1066.706436,999.067938,1062.780663,930.0401792,606.4142214,725.5912431,735.4213159,662.124912,696.2933256,726.7449161,617.9968625,628.8454658,671.1122597,841.9767534,961.3066316,1015.958209,1063.867109,1249.346822,1442.826409,1340.326375,1319.168533,1426.989657,1372.591632,1393.802,1394.799797,1218.326175,1269.902838
Serbia,4242.012266,3839.637082,2766.629317,1970.341499,2050.740534,2207.771744,2309.30249,2190.86761,1976.64027,1503.206736,1248.591775,1634.875839,2148.910754,2832.489423,3331.232897,3528.12815,4129.761534,5458.129582,6701.768104,5821.307418,5411.87473,6421.137709,5657.485048,6351.678982,6199.120462,5237.254179,5756.38378
Seychelles,6310.917708,6332.079695,7211.734096,7655.581987,7731.071712,8010.527757,7776.988615,8680.929681,9297.286011,9406.974422,9220.812555,9055.312366,9966.110574,9863.475101,9604.056077,10368.00502,11353.20415,11473.9399,10693.18362,9332.633451,10628.11775,11084.53636,11441.27589,14220.13693,14254.57233,14503.27904,14915.64483
Sierra Leone,203.5518989,242.7702237,211.6855977,240.397948,286.3704027,273.8321518,295.5526563,265.451124,207.7058587,203.0367773,187.7276045,229.3750336,252.3921381,266.442382,266.5698965,292.3493252,323.3891885,360.3721378,408.4807478,391.2010053,401.8349987,448.3375219,566.3783984,716.8352005,714.7036085,592.3255596,527.0581095
Singapore,12910.82074,14663.32511,16301.03688,18344.96581,21598.96777,24926.92366,26496.97971,26695.05979,22199.92232,21818.18964,23787.30195,21898.92373,22400.68374,23491.64929,27335.60473,29870.42402,33571.78678,39308.93947,40251.0662,38739.96276,46075.30935,52553.40927,54308.76638,55953.76466,56692.30725,54765.04729,55991.89327
Slovakia,3185.622455,2222.310198,2406.930688,2582.713734,2979.297699,3728.454447,4021.240126,4065.321668,4229.561904,3856.895838,3837.487721,3964.893127,4594.470767,6293.126719,7986.997679,9082.00844,10590.59058,14273.18135,17915.64445,16485.54032,16687.46867,18302.58353,17436.47607,18208.95456,18636.00818,16273.63837,16472.01247
Slovenia,9062.851135,6603.160326,6532.950654,6626.916395,7542.282827,10724.34256,10814.20453,10447.58795,11142.34875,11426.21074,10208.30099,10504.29029,11819.74982,14908.34583,17292.10038,18147.75723,19715.40942,23857.40259,27460.77045,24763.95101,23569.90107,25114.1685,22635.79398,23460.64747,24150.41104,20804.45822,21527.00896
Solomon Islands,667.350084,687.039771,789.7473719,832.7110041,915.5287268,1014.975251,1091.170041,1074.740395,917.3822258,946.5086434,819.5245129,789.2490327,628.8641853,703.0104393,792.7630395,913.9382479,979.41866,1194.781213,1265.643838,1239.4801,1363.28109,1607.046186,1754.982136,1813.875178,1831.606807,1756.115779,1822.118302
Somalia,137.5862575,84.40300631,79.94843664,136.2028743,152.7693254,149.799409,164.0344547,186.7417913,233.8784948,222.646901,231.2882924,141.792776,128.3157858,154.5266888,195.8945946,221.6500691,222.039141,224.0944117,228.1288829,106.3906499,90.73356305,91.80093501,119.5030695,134.9249654,122.9990275,105.4401713,101.4495643
South Africa,3171.134814,3320.724393,3515.983828,3427.904827,3487.258916,3751.854328,3494.383567,3549.579815,3154.020777,3081.569927,3032.427138,2666.480846,2502.265926,3751.258432,4833.636402,5383.632556,5601.973414,6095.649831,5760.789016,5862.81522,7328.592736,8007.441374,7501.598866,6829.289525,6428.507022,5730.934174,5272.254484
South Korea,6677.370047,7704.500683,8189.98472,8938.908769,10428.46228,12596.58173,13411.41413,12380.74588,8235.275691,10588.01876,12161.00924,11479.76597,13067.76743,14560.75039,16356.34776,19196.72492,21546.79163,23913.91207,21294.97238,19128.4791,23091.17552,25172.11694,25537.58063,27227.64241,29329.76803,28840.69345,29423.49615
South Sudan,,,,,,,,,,,,,,,,,,,1767.274257,1306.654655,1576.125753,1758.873404,952.5874977,1299.320425,1497.625197,1233.334497,626.3224424
Spain,13686.05167,14686.00723,16008.40765,13282.57362,13377.69514,15447.40349,16102.39888,14739.53649,15403.03039,15688.61775,14620.47244,15181.2654,16828.08651,21256.63332,24640.51083,26198.99939,28153.80645,32403.37901,35279.50931,31888.80051,30272.56142,31406.95962,28149.89274,28867.27918,29274.46749,25606.81275,26420.04371
Sri Lanka,541.941245,603.0304575,641.9601914,682.6630802,766.44876,838.3005094,899.1518958,967.612347,1000.191486,988.1597653,1018.862658,971.0487117,1026.772461,1124.071703,1219.693003,1429.111747,1643.233356,1865.91291,2331.632688,2392.379807,2799.649154,3200.860618,3332.964742,3596.652156,3817.322862,3855.173736,3919.907938
Sudan,483.952592,432.4790979,260.5102439,320.4855165,449.7106937,473.4133899,300.5649303,378.9546756,355.1524309,328.0685926,366.1728076,383.0159987,418.2518413,484.8447351,573.3069261,689.209557,905.3097449,1128.41035,1467.653879,1439.052139,1582.809233,1932.357044,1720.924295,1724.554598,2056.23702,2157.510644,2250.368017
Suriname,1855.507457,1933.484461,1948.882465,1829.276404,1900.264776,1910.651469,2350.02614,2484.670828,2942.274715,2401.148306,2456.022755,2142.426731,2776.882702,3192.842081,3657.601245,4390.805336,5197.856747,5744.426201,6832.009157,7408.684388,8255.757754,8263.104883,9200.826825,9402.046543,9472.238183,8562.152454,5539.144547
Swaziland,1525.257954,1574.200121,1700.877999,1681.295913,1752.470985,2051.756699,1897.058058,2000.255355,1810.527661,1740.784604,1728.698284,1521.753289,1405.435592,2148.605909,2699.094715,3083.864341,3176.619932,3327.4507,3137.368335,3385.810743,4168.468878,4496.559727,4527.633383,4230.320928,4038.585413,3689.510606,3447.724019
Sweden,30312.95706,31534.02597,32462.31051,24147.07207,25831.66638,30034.09906,32706.99327,30035.89248,30314.70766,30687.35657,29424.31712,27087.4058,29743.80522,37119.06954,42558.10185,43120.84417,46197.59724,53255.29625,55802.27866,46720.60961,52749.70801,60500.8501,57732.14207,60785.69531,59868.08728,51577.39076,52434.32322
Switzerland,38791.43453,38863.2221,40013.9238,38484.88598,42177.97039,48977.90186,46900.74879,40534.2496,41603.49867,40747.72693,38081.99261,38810.73071,41745.09999,48556.72454,53820.20264,55327.89939,57778.05393,63676.24261,72724.86203,70196.1253,74760.82407,88476.07771,83421.90473,84907.45247,86422.42104,81939.3429,80109.28955
Syria,896.5785446,971.320082,1095.456518,1146.672811,888.1587081,943.7728777,1026.249852,1065.963948,1119.797031,1111.924847,1198.336454,1252.989572,1274.949642,1197.662768,1376.825753,1546.578307,1737.151333,2025.921471,2543.448342,2551.733439,2830.428555,3191.994378,2291.618515,1379.89373,1235.356766,1060.713972,708.6716873
Taiwan,8178.0,9092.11,10725.7,11200.81,12108.75,13706.01,13597.25,13968.1,12787.26,13768.27,14876.88,13408.38,13715.53,14094.37,15360.72,16503.31,16984.54,17780.93,18102.95,16959.78,19261.67,20911.64,21269.61,21887.99,22638.92,22373.56,22572.7
Tajikistan,537.2995692,504.8695878,359.8392093,302.9526191,239.8337495,211.313044,176.4638324,153.5379798,216.6120199,175.615092,138.4554569,171.0685993,189.9889507,237.7150916,311.6163448,340.5819494,408.8287987,526.6331261,715.8518083,676.1089487,749.5523492,847.3851653,969.2947682,1055.389487,1119.210219,929.0933447,802.5205645
Tanzania,265.9506501,290.7250614,250.0533797,220.5656255,220.4648788,249.4276217,300.300986,344.4350576,369.6400237,370.421671,379.6267796,377.0611197,381.9818685,400.7908799,428.6177765,459.4687737,491.5650087,551.6270288,683.0002347,692.4332692,732.1889233,767.1016274,860.4991355,967.4066678,1028.324037,946.7871096,965.3388178
Thailand,1564.059351,1769.042796,1999.225663,2209.362064,2491.432856,2846.589514,3043.982575,2468.182262,1845.829428,2033.260319,2007.735008,1893.26406,2096.188812,2359.115919,2660.125247,2894.061242,3369.546099,3973.020101,4379.65844,4213.00821,5076.337964,5492.11525,5860.584595,6168.268616,5951.877102,5840.043681,5978.616271
Timor-Leste,275.1220836,307.911121,379.8266658,425.6377587,469.1090146,518.8902449,598.0275836,552.3767477,626.422844,430.1144862,497.1314162,574.4567561,553.4630549,573.6575016,1109.560136,1822.574955,2614.875038,2779.875016,4160.734435,2978.437303,3656.952176,5095.489042,5879.699782,4888.321361,3441.650571,2585.153878,2053.273797
Togo,545.0205926,526.1383772,540.1455977,403.1991639,305.5652079,393.4660832,417.9451329,412.6132066,378.1559246,367.1176363,302.2064051,292.5673548,326.8555984,396.0300346,412.5893847,406.4009175,407.6946904,449.1442491,544.1475774,538.4419621,533.5087687,586.328824,571.8392198,621.2221234,640.1137057,570.4783267,597.4711532
Tonga,1704.840497,2049.778607,2019.88751,1990.488009,2031.004968,2117.65659,2288.656632,2203.394593,1951.276392,2003.867639,1931.950771,1694.307649,1832.483142,2082.287671,2374.661211,2592.036294,2867.830824,2973.088203,3308.136043,3139.614313,3595.429846,4328.313022,4532.512354,4316.170445,4439.459834,3973.340483,4167.40796
Trinidad and Tobago,4161.4567,4330.203744,4410.305097,3690.142324,3969.947588,4260.504289,4592.359735,4566.61506,4803.007753,5401.605334,6452.501693,6958.409514,7072.04634,8831.57354,10321.49173,12360.44871,14140.20283,16584.83,21259.94457,14555.40941,16701.76726,19085.32896,19157.38292,20143.52553,20270.83568,18289.58726,16177.07712
Tunisia,1640.220629,1694.756149,1975.196667,1823.398516,1913.91937,2169.250655,2320.448907,2208.237101,2292.671538,2386.547591,2211.857413,2253.025268,2344.356564,2760.507043,3111.463735,3193.12453,3369.860156,3775.925802,4307.010226,4128.53922,4141.99606,4264.725435,4152.700743,4222.812899,4305.543511,3861.64366,3698.005749
Turkey,3846.702093,3791.42026,3928.509436,4383.975185,3124.432643,3985.284224,4203.813159,4329.561539,4496.078644,4108.290777,4316.421187,3119.596128,3659.875728,4718.246302,6040.449861,7384.344467,8035.639398,9711.643239,10853.99126,9038.754725,10672.0439,11335.91271,11707.56187,12520.11177,12096.03533,10948.69028,10819.67613
Turkmenistan,833.504239,799.1826594,675.3415952,682.301773,561.7048292,520.4625526,555.015107,615.6135178,648.4254884,863.5930345,1092.152887,1479.738351,1887.196059,2423.547547,2586.721478,2982.623937,3370.572868,3796.437559,4381.997171,4036.455999,4439.200382,5649.952278,6675.198979,7304.283049,7962.239098,6477.941234,6387.68596
Turks and Caicos Islands,8745.00256,9295.543439,9785.827025,10526.95863,11160.44324,11747.86883,12644.24318,13395.40963,14543.77688,15451.85329,15842.26017,16629.34233,15784.60365,16382.93711,18187.2212,20533.91618,24561.65061,25456.30225,27648.34414,22019.65764,21028.40827,21835.08326,21009.88575,21328.98563,23296.33295,24832.6061,25995.18586
Tuvalu,1070.234529,1124.000821,1175.272093,1041.838581,1235.219534,1265.057418,1340.040575,1437.04352,1391.058948,1474.668419,1472.6534,1400.115444,1618.808283,1887.498704,2191.504736,2167.934793,2262.169481,2643.152633,2909.191816,2583.04894,2981.547855,3597.535385,3464.119276,3417.881509,3352.419413,3156.876302,3522.984722
Uganda,248.807615,194.9644932,202.5245598,202.6110584,308.6789841,350.187232,344.4171704,360.2518557,336.1658873,309.9532212,286.6259702,288.9334222,294.5410249,301.5549991,349.5437091,403.0449765,428.3035935,510.661415,598.1008148,606.7019823,606.9766601,641.7154088,707.3673074,720.3692423,753.9489398,656.5755069,641.2112044
Ukraine,1816.276495,1714.424763,1580.478481,1390.527856,1098.106849,989.6289254,912.3294243,1034.882851,871.9083941,663.5505057,662.9067296,812.1448188,916.1343869,1093.057219,1423.579838,1903.122114,2400.579403,3207.797288,4075.295252,2644.108335,2970.217789,3576.523251,3867.239056,4047.744721,2959.41772,2026.439168,2087.858191
United Arab Emirates,28091.80624,26960.05869,26766.15827,25931.24506,26185.72347,27577.75709,29353.672,29897.28142,27251.15242,28842.87953,33726.51281,31689.56981,31980.00578,33936.86874,36808.03236,39879.84642,42455.03726,42355.89416,45080.46215,32442.67885,33893.31689,39194.67965,40976.50538,42412.62727,43751.85055,38663.37156,38141.85652
United Kingdom,19134.07479,19946.77284,20536.02087,18427.35756,19743.3625,23158.89923,24356.64014,26737.40224,28202.16195,28655.23781,28133.84554,27744.138,30077.91986,34470.47673,40369.28167,42109.36886,44619.46469,50460.49915,47032.65029,38371.6466,39004.91349,41537.49366,41919.79232,42872.43169,46830.6412,44466.81612,40639.01604
United States,23651.97799,24193.22795,25371.84889,26426.6279,27788.29608,28811.43876,30085.98174,31568.3532,32934.70369,34574.49996,36393.14869,37180.34019,38068.9361,39536.33794,41777.10074,44192.96193,46395.27416,48075.36518,48479.48313,47171.31915,48516.16594,49882.47039,51575.61657,53049.37566,55000.6916,56796.54695,57938.43119
Uruguay,2971.25545,3543.084924,4508.693428,5213.84522,6028.670445,6609.899902,6977.037095,7329.827614,7713.606494,7250.255437,6875.019443,6284.446844,4090.902066,3624.204526,4120.569581,5226.932295,5887.857353,7026.509758,9091.073114,9451.933533,11992.03895,14236.67281,15171.60581,16973.65147,16831.94039,15613.78095,15387.15389
Uzbekistan,866.2505505,870.3794823,772.3798401,755.331683,715.8248783,709.8035173,721.3430372,788.5255112,748.6424664,840.070677,666.9521957,441.0521471,460.9243754,468.2377934,550.0641762,646.479,769.4495143,975.3678273,1273.853351,1431.312316,1645.013334,1960.459225,2173.330199,2305.082178,2519.475664,2646.252248,2600.968983
Vanuatu,1169.955837,1355.116066,1372.968375,1373.05359,1465.171943,1621.292658,1650.040749,1630.952832,1459.854233,1461.978124,1432.515263,1347.428724,1362.518069,1580.501741,1788.087167,1887.226,2049.618238,2398.612625,2705.598548,2649.617316,2966.856095,3264.538233,3133.090209,3124.233078,3088.243748,2801.937321,2889.836475
Venezuela,2475.380473,2661.033454,2938.161769,2857.938524,2720.367569,3529.589611,3151.269278,3758.844934,3921.718979,4127.107938,4842.037202,4986.675586,3700.879593,3272.615024,4325.696756,5504.976824,6833.377894,8454.466743,11432.74386,11765.10018,13825.35809,10955.34991,12985.50533,12456.71245,16054.49051,17136.85092,14485.61209
Vietnam,95.18825018,138.4474544,139.2001366,182.3084018,221.1291812,276.8126665,324.1472069,348.0173981,348.3243262,362.9195028,390.0933261,404.8078662,430.0528671,480.5797992,546.9096058,687.4797356,784.3724223,906.2841981,1149.424642,1217.268555,1317.890706,1525.115988,1735.141276,1886.671896,2030.261955,2085.101484,2192.214539
Yemen,344.0410996,339.6094217,346.0263078,350.2522198,348.5106719,397.9406098,470.8483627,488.0452331,440.7795882,513.7676601,624.0747833,627.3139872,664.0258848,714.010562,799.210563,946.9724807,1102.710107,1204.447631,1388.498036,1263.942155,1334.784943,1305.4182,1310.609043,1382.078841,1286.585934,1006.129065,910.7190183
Zambia,472.1766343,409.4758769,391.3349984,378.1566508,412.2858156,418.5074798,385.15393,448.3739051,358.5607566,335.7098201,345.6844983,382.9384665,382.2415791,435.4607477,538.5942809,702.7404186,1047.926445,1124.284733,1394.015172,1159.904916,1489.447621,1746.219687,1717.798091,1781.071946,1733.344794,1313.589617,1311.010428
Zimbabwe,1299.806761,1184.578132,957.1731827,913.6714516,946.2240135,969.5522599,1166.808437,1188.864694,826.2277127,780.2840928,733.9588613,726.2036336,687.2401495,646.4996163,616.9989552,595.2861748,579.8982357,567.7495995,512.7958004,771.598783,948.3318526,1093.653494,1304.96791,1429.998996,1434.896596,1445.071063,1464.589686
